{
  "format": "DSGO",
  "endian": "LE",
  "data": {
    "xgs_scene_object_class": "Weapon_BasicShoot",
    "custom_parameter": ["waist_recoil1", 1, 0, 1],
    "use_underground": 1,
    "FireCondition": 0,
    "name.ja": "AI兵士用レーザーライフル",
    "name.en": "AI兵士用レーザーライフル",
    "name.cn": "AI兵士用レーザーライフル",
    "name.kr": "AI兵士用レーザーライフル",
    "name.sc": "AI兵士用レーザーライフル",
    "WeaponIcon": "app:/weapon/icon/LAZR.dds",
    "Sight_animation_model": [["app:/HUD/sight11.rab", "sight11.mdb"], 0, 0],
    "animation_model": [
      ["app:/Weapon/p_lazer_LAZR01.rab", "p_lazer_LAZR01.mdb"],
      0,
      {
        "$SGOTT_EMBED": true,
        "format": "hex",
        "data": "4d4142000f000000830000000300000005002a00240000007c00000080000000f0000000000001001800000001000100300000000200000048000000b4000000c00000000200000054000000640000004400000000000000940000009a000000a0000000020000005400000044000000640000000000000074000000babababa0000000000000000000000000000803f000000006bba9e3dfe99293f0000803fcdcc4c3dcdcc4c3dcdcc4c3d0000803f2bfbae3dc9220d3d60aec53e0000803fcb71b3bf519cc8bec9c31ac00000803f53474f000201000000000000200000000000000020000000000000002000000030003100000049004b00000070005f006c0061007a00650072005f004c0041005a005200300031000000"
      }
    ],
    "ModelConstraint": ["arms_r"],
    "BaseAnimation": "waist",
    "AimAnimation": "aim",
    "ChangeAnimation": "waist_change1",
    "ReloadAnimation": "waist_reload1",
    "AmmoCount": 1000,
    "EnergyChargeRequire": [20, 20],
    "ReloadType": 0,
    "ReloadInit": 1,
    "ReloadTime": 120,
    "AngleAdjust": 0,
    "LockonType": 0,
    "LockonTargetType": 0,
    "Lockon_DistributionType": 0,
    "Lockon_FireEndToClear": 1,
    "Lockon_AutoTimeOut": 1,
    "LockonRange": 0,
    "LockonAngle": [0.30000001192092896, 0.30000001192092896],
    "LockonTime": 0,
    "LockonFailedTime": 0,
    "LockonHoldTime": 0,
    "FireType": 0,
    "FireSpreadType": 0,
    "FireSpreadWidth": 0,
    "FireCount": 1,
    "FireInterval": 1,
    "FireBurstCount": 1,
    "FireBurstInterval": 0,
    "FireAccuracy": 0,
    "FireRecoil": 0.07500000298023224,
    "FireVector": null,
    "FireSe": [1, "weapon_WDAI_MEDIUM_lazr197", 0.7943000197410583, 1, 2, 25],
    "FireLoadSe": null,
    "ShellCaseDischargeSe": null,
    "SecondaryFire_Type": 0,
    "SecondaryFire_Parameter": [0],
    "AmmoClass": "LaserBullet01",
    "AmmoModel": 0,
    "AmmoSpeed": 40,
    "AmmoOwnerMove": 0,
    "AmmoGravityFactor": 0,
    "AmmoAlive": 3,
    "AmmoDamage": 0.75,
    "AmmoDamageReduce": [1, 1],
    "AmmoExplosion": 0,
    "AmmoIsPenetration": 0,
    "AmmoSize": 0.10000000149011612,
    "AmmoHitSizeAdjust": 1,
    "AmmoHitImpulseAdjust": 0.004999999888241291,
    "AmmoColor": [1, 0.3499999940395355, 0.3499999940395355, 0.5],
    "Ammo_CustomParameter": [
      [1, 1, 1, 1],
      [0.5, 0.5, 0.5, 0.5],
      3,
      3,
      10,
      5,
      0,
      1.5,
      1.600000023841858,
      0.5,
      10
    ],
    "Ammo_EquipVoice": null,
    "AmmoHitSe": null,
    "MuzzleFlash": "LaserMuzzleFlash01",
    "MuzzleFlash_CustomParameter": [
      "Particle3_k.dds",
      0.25,
      [1, 0.3499999940395355, 0.3499999940395355, 0.5],
      2
    ],
    "ShellCase": ["", "", 0],
    "ShellCase_CustomParameter": null,
    "ExtPrams": [1]
  },
  "strings": [
    "AmmoExplosion",
    "LockonTargetType",
    "BaseAnimation",
    "AmmoColor",
    "LockonAngle",
    "AimAnimation",
    "WeaponIcon",
    "Lockon_AutoTimeOut",
    "ReloadType",
    "MuzzleFlash",
    "AmmoAlive",
    "FireVector",
    "FireType",
    "AmmoClass",
    "AmmoDamageReduce",
    "AmmoDamage",
    "AmmoGravityFactor",
    "AmmoCount",
    "SecondaryFire_Type",
    "AmmoHitImpulseAdjust",
    "AmmoHitSe",
    "AmmoHitSizeAdjust",
    "AmmoIsPenetration",
    "AmmoModel",
    "AmmoOwnerMove",
    "FireCondition",
    "AmmoSize",
    "AmmoSpeed",
    "ReloadInit",
    "Ammo_CustomParameter",
    "LockonTime",
    "Ammo_EquipVoice",
    "AngleAdjust",
    "name.cn",
    "SecondaryFire_Parameter",
    "LockonFailedTime",
    "ChangeAnimation",
    "FireAccuracy",
    "EnergyChargeRequire",
    "ReloadTime",
    "ExtPrams",
    "FireBurstCount",
    "LockonRange",
    "FireBurstInterval",
    "AI兵士用レーザーライフル",
    "FireCount",
    "FireInterval",
    "FireLoadSe",
    "FireRecoil",
    "FireSe",
    "FireSpreadType",
    "waist_reload1",
    "FireSpreadWidth",
    "Sight_animation_model",
    "LockonHoldTime",
    "app:/Weapon/p_lazer_LAZR01.rab",
    "LockonType",
    "ShellCase_CustomParameter",
    "Lockon_DistributionType",
    "Lockon_FireEndToClear",
    "ModelConstraint",
    "MuzzleFlash_CustomParameter",
    "ReloadAnimation",
    "ShellCase",
    "ShellCaseDischargeSe",
    "animation_model",
    "custom_parameter",
    "name.en",
    "name.ja",
    "name.kr",
    "name.sc",
    "use_underground",
    "xgs_scene_object_class",
    "Weapon_BasicShoot",
    "waist_recoil1",
    "app:/weapon/icon/LAZR.dds",
    "app:/HUD/sight11.rab",
    "sight11.mdb",
    "weapon_WDAI_MEDIUM_lazr197",
    "p_lazer_LAZR01.mdb",
    "arms_r",
    "waist",
    "aim",
    "waist_change1",
    "LaserBullet01",
    "LaserMuzzleFlash01",
    "Particle3_k.dds",
    ""
  ]
}