{
  "format": "DSGO",
  "endian": "LE",
  "data": {
    "xgs_scene_object_class": "Weapon_BasicShoot",
    "custom_parameter": ["waist_recoil3", 0, 0, 1],
    "use_underground": 1,
    "FireCondition": 0,
    "name.ja": "兵士用レーザーランス",
    "name.en": "兵士用レーザーランス",
    "name.cn": "兵士用レーザーランス",
    "name.kr": "兵士用レーザーランス",
    "name.sc": "兵士用レーザーランス",
    "WeaponIcon": "app:/weapon/icon/lazerlance01.dds",
    "Sight_animation_model": [["app:/HUD/sight09.rab", "sight09.mdb"], 0, 0],
    "animation_model": [
      ["app:/Weapon/p_lance_lazerlance01.rab", "p_lance_lazerlance01.mdb"],
      0,
      {
        "$SGOTT_EMBED": true,
        "format": "hex",
        "data": "4d4142000f000000830000000300000005003600240000007c00000080000000f0000000000001001800000001000100300000000200000048000000b4000000c00000000200000054000000640000004400000000000000940000009a000000a0000000020000005400000044000000640000000000000074000000babababa0000000000000000000000000000803f00000000295c8f3d5f0c933f0000803fcdcc4c3dcdcc4c3dcdcc4c3d0000803f4836b73d7e703e3dc844b23e0000803fd596b4bfff7012bf559300c00000803f53474f000201000000000000200000000000000020000000000000002000000030003100000049004b00000070005f006c0061006e00630065005f006c0061007a00650072006c0061006e0063006500300031000000"
      }
    ],
    "ModelConstraint": ["arms_r"],
    "BaseAnimation": "waist",
    "AimAnimation": "aim",
    "ChangeAnimation": "waist_change1",
    "ReloadAnimation": "waist_reload1",
    "AmmoCount": 20,
    "EnergyChargeRequire": [20, 20],
    "ReloadType": 0,
    "ReloadInit": 1,
    "ReloadTime": 90,
    "AngleAdjust": 0,
    "LockonType": 0,
    "LockonTargetType": 0,
    "Lockon_DistributionType": 0,
    "Lockon_FireEndToClear": 1,
    "Lockon_AutoTimeOut": 1,
    "LockonRange": 0,
    "LockonAngle": [0.30000001192092896, 0.30000001192092896],
    "LockonTime": 0,
    "LockonFailedTime": 0,
    "LockonHoldTime": 0,
    "FireType": 0,
    "FireSpreadType": 0,
    "FireSpreadWidth": 0,
    "FireCount": 1,
    "FireInterval": 60,
    "FireBurstCount": 1,
    "FireBurstInterval": 0,
    "FireAccuracy": 0,
    "FireRecoil": 0.07500000298023224,
    "FireVector": null,
    "FireSe": [
      0,
      "weapon_WDAI_SHORT_laserLance",
      0.47999998927116394,
      1,
      2,
      20
    ],
    "FireLoadSe": null,
    "ShellCaseDischargeSe": null,
    "SecondaryFire_Type": 0,
    "SecondaryFire_Parameter": [0],
    "AmmoClass": "LaserBullet01",
    "AmmoModel": 0,
    "AmmoSpeed": 8,
    "AmmoOwnerMove": 0,
    "AmmoGravityFactor": 0,
    "AmmoAlive": 10,
    "AmmoDamage": 40,
    "AmmoDamageReduce": [1, 1],
    "AmmoExplosion": 0,
    "AmmoIsPenetration": 0,
    "AmmoSize": 0.5,
    "AmmoHitSizeAdjust": 1,
    "AmmoHitImpulseAdjust": 1,
    "AmmoColor": [2, 1, 0.800000011920929, 1],
    "Ammo_CustomParameter": [
      [1, 1, 1, 1],
      [2, 2, 2, 2],
      3,
      3,
      20,
      5,
      0,
      1.5,
      1.600000023841858,
      0.5,
      10
    ],
    "Ammo_EquipVoice": null,
    "AmmoHitSe": null,
    "MuzzleFlash": "LaserMuzzleFlash03",
    "MuzzleFlash_CustomParameter": [
      "Particle3_k.dds",
      0.25,
      [0.4000000059604645, 0.17499999701976776, 0.15000000596046448, 1],
      2
    ],
    "ShellCase": ["", "", 0],
    "ShellCase_CustomParameter": null,
    "ExtPrams": [1]
  },
  "strings": [
    "AmmoExplosion",
    "LockonTargetType",
    "BaseAnimation",
    "AmmoColor",
    "LockonAngle",
    "AimAnimation",
    "WeaponIcon",
    "Lockon_AutoTimeOut",
    "ReloadType",
    "MuzzleFlash",
    "AmmoAlive",
    "FireVector",
    "FireType",
    "AmmoClass",
    "AmmoDamageReduce",
    "AmmoDamage",
    "AmmoGravityFactor",
    "AmmoCount",
    "SecondaryFire_Type",
    "AmmoHitImpulseAdjust",
    "AmmoHitSe",
    "AmmoHitSizeAdjust",
    "AmmoIsPenetration",
    "AmmoModel",
    "AmmoOwnerMove",
    "FireCondition",
    "AmmoSize",
    "AmmoSpeed",
    "ReloadInit",
    "Ammo_CustomParameter",
    "LockonTime",
    "Ammo_EquipVoice",
    "AngleAdjust",
    "name.cn",
    "SecondaryFire_Parameter",
    "LockonFailedTime",
    "ChangeAnimation",
    "FireAccuracy",
    "EnergyChargeRequire",
    "ReloadTime",
    "ExtPrams",
    "FireBurstCount",
    "LockonRange",
    "FireBurstInterval",
    "FireCount",
    "FireInterval",
    "FireLoadSe",
    "FireRecoil",
    "FireSe",
    "FireSpreadType",
    "waist_reload1",
    "FireSpreadWidth",
    "Sight_animation_model",
    "LockonHoldTime",
    "LockonType",
    "app:/Weapon/p_lance_lazerlance01.rab",
    "ShellCase_CustomParameter",
    "Lockon_DistributionType",
    "Lockon_FireEndToClear",
    "ModelConstraint",
    "MuzzleFlash_CustomParameter",
    "ReloadAnimation",
    "ShellCase",
    "ShellCaseDischargeSe",
    "animation_model",
    "custom_parameter",
    "name.en",
    "name.ja",
    "name.kr",
    "name.sc",
    "use_underground",
    "xgs_scene_object_class",
    "Weapon_BasicShoot",
    "waist_recoil3",
    "兵士用レーザーランス",
    "app:/weapon/icon/lazerlance01.dds",
    "app:/HUD/sight09.rab",
    "sight09.mdb",
    "p_lance_lazerlance01.mdb",
    "arms_r",
    "waist",
    "aim",
    "waist_change1",
    "weapon_WDAI_SHORT_laserLance",
    "LaserBullet01",
    "LaserMuzzleFlash03",
    "Particle3_k.dds",
    ""
  ]
}