{
  "format": "DSGO",
  "endian": "LE",
  "data": {
    "xgs_scene_object_class": "Weapon_BasicShoot",
    "custom_parameter": ["assault_recoil1", 1, 0, 1],
    "use_underground": 1,
    "FireCondition": 0,
    "name.ja": "リバーサーＸ",
    "name.en": "Reverser X",
    "name.cn": "回復鎗Ｘ",
    "name.kr": "리버서 X",
    "name.sc": "回复枪Ｘ",
    "WeaponIcon": "app:/weapon/icon/medic_spr.dds",
    "Sight_animation_model": [["app:/HUD/sight01.rab", "sight01.mdb"], 0, 0],
    "animation_model": [
      ["app:/Weapon/s_rebirther_normal01.rab", "s_rebirther_normal01.mdb"],
      0,
      {
        "$SGOTT_EMBED": true,
        "format": "hex",
        "data": "4d4142000f000000830000000300000005003600240000007c00000080000000f0000000000001001800000001000100300000000200000048000000b4000000c00000000200000074000000540000004400000000000000940000009a000000a0000000020000004400000034000000640000000000000074000000babababa0000000000000000000000000000803fcdcccc3dcdcccc3dcdcccc3d0000803f65e2f63dac8bdb3cc8b4763e0000803f000000805c8fc23d13f2413f0000803f101e0bbf55b284bf045823400000803f53474f000201000000000000200000000000000020000000000000002000000030003100000049004b00000073005f007200650062006900720074006800650072005f006e006f0072006d0061006c00300031000000"
      }
    ],
    "ModelConstraint": ["arms_r"],
    "BaseAnimation": "assault",
    "AimAnimation": "aim",
    "ChangeAnimation": "assault_change1",
    "ReloadAnimation": "assault_reload1",
    "AmmoCount": [2400, 0, 0, 10, 0.5, 0.5, 0],
    "EnergyChargeRequire": [-1, -1],
    "ReloadType": 0,
    "ReloadInit": 1,
    "ReloadTime": -1,
    "AngleAdjust": 0,
    "LockonType": 0,
    "LockonTargetType": 0,
    "Lockon_DistributionType": 0,
    "Lockon_FireEndToClear": 1,
    "Lockon_AutoTimeOut": 1,
    "LockonRange": 0,
    "LockonAngle": [0.30000001192092896, 0.30000001192092896],
    "LockonTime": 0,
    "LockonFailedTime": 0,
    "LockonHoldTime": 0,
    "FireType": 0,
    "FireSpreadType": 0,
    "FireSpreadWidth": 0,
    "FireCount": 1,
    "FireInterval": 1,
    "FireBurstCount": 1,
    "FireBurstInterval": 0,
    "FireAccuracy": 0.10000000149011612,
    "FireRecoil": 0.009999999776482582,
    "FireVector": null,
    "FireSe": [1, "weapon_SPnew_reverserX", 1, 1, 1, 20],
    "FireLoadSe": null,
    "ShellCaseDischargeSe": null,
    "SecondaryFire_Type": 0,
    "SecondaryFire_Parameter": [0],
    "AmmoClass": "FlameBullet02",
    "AmmoModel": 0,
    "AmmoSpeed": 0.20000000298023224,
    "AmmoOwnerMove": 0,
    "AmmoGravityFactor": 0,
    "AmmoAlive": 20,
    "AmmoDamage": [-16, 8, 1, 10, 0.5, 0.5, 1],
    "AmmoDamageReduce": [1, 1],
    "AmmoExplosion": 0,
    "AmmoIsPenetration": 0,
    "AmmoSize": 0.30000001192092896,
    "AmmoHitSizeAdjust": 1,
    "AmmoHitImpulseAdjust": 1,
    "AmmoColor": [0.30000001192092896, 1, 0.6000000238418579, 0.5],
    "Ammo_CustomParameter": [
      2,
      0.11999999731779099,
      0.949999988079071,
      0,
      [0.30000001192092896, 1, 0.6000000238418579, 0]
    ],
    "Ammo_EquipVoice": null,
    "AmmoHitSe": null,
    "MuzzleFlash": "",
    "MuzzleFlash_CustomParameter": null,
    "ShellCase": ["", "", 0],
    "ShellCase_CustomParameter": null,
    "ExtPrams": [1]
  },
  "strings": [
    "AmmoExplosion",
    "LockonTargetType",
    "BaseAnimation",
    "AmmoColor",
    "LockonAngle",
    "AimAnimation",
    "WeaponIcon",
    "Lockon_AutoTimeOut",
    "ReloadType",
    "MuzzleFlash",
    "AmmoAlive",
    "FireVector",
    "FireType",
    "AmmoClass",
    "AmmoDamageReduce",
    "AmmoDamage",
    "AmmoGravityFactor",
    "AmmoCount",
    "SecondaryFire_Type",
    "AmmoHitImpulseAdjust",
    "AmmoHitSe",
    "AmmoHitSizeAdjust",
    "AmmoIsPenetration",
    "AmmoModel",
    "AmmoOwnerMove",
    "FireCondition",
    "AmmoSize",
    "AmmoSpeed",
    "ReloadInit",
    "Ammo_CustomParameter",
    "LockonTime",
    "Ammo_EquipVoice",
    "回复枪Ｘ",
    "AngleAdjust",
    "name.cn",
    "SecondaryFire_Parameter",
    "LockonFailedTime",
    "ChangeAnimation",
    "FireAccuracy",
    "EnergyChargeRequire",
    "ReloadTime",
    "ExtPrams",
    "FireBurstCount",
    "LockonRange",
    "FireBurstInterval",
    "FireCount",
    "FireInterval",
    "FireLoadSe",
    "FireRecoil",
    "リバーサーＸ",
    "FireSe",
    "FireSpreadType",
    "FireSpreadWidth",
    "Sight_animation_model",
    "LockonHoldTime",
    "LockonType",
    "ShellCase_CustomParameter",
    "Lockon_DistributionType",
    "Lockon_FireEndToClear",
    "ModelConstraint",
    "MuzzleFlash_CustomParameter",
    "ReloadAnimation",
    "ShellCase",
    "app:/weapon/icon/medic_spr.dds",
    "ShellCaseDischargeSe",
    "animation_model",
    "custom_parameter",
    "name.en",
    "name.ja",
    "name.kr",
    "name.sc",
    "use_underground",
    "xgs_scene_object_class",
    "Weapon_BasicShoot",
    "assault_recoil1",
    "Reverser X",
    "回復鎗Ｘ",
    "리버서 X",
    "app:/HUD/sight01.rab",
    "sight01.mdb",
    "app:/Weapon/s_rebirther_normal01.rab",
    "s_rebirther_normal01.mdb",
    "arms_r",
    "assault",
    "aim",
    "assault_change1",
    "assault_reload1",
    "weapon_SPnew_reverserX",
    "FlameBullet02",
    ""
  ]
}