{
  "format": "DSGO",
  "endian": "LE",
  "data": {
    "xgs_scene_object_class": "Weapon_Sub",
    "custom_parameter": {
      "animation": "throwL_swing",
      "whole_body": 0,
      "animation_speed": 1,
      "is_manual_reload": 1,
      "show_throw_guide": {"always_show": 1, "radius": 2},
      "long_press_count": 60
    },
    "use_underground": 1,
    "FireCondition": 0,
    "name.ja": "ＣＡ９０爆弾",
    "name.en": "CA90 Bomb",
    "name.cn": "ＣＡ９０炸彈",
    "name.kr": "CA90 폭탄",
    "name.sc": "ＣＡ９０炸弹",
    "WeaponIcon": "app:/weapon/icon/e_throw_c4detonator02.dds",
    "animation_model": [
      ["app:/Weapon/e_throw_c4detonator02.rab", "e_throw_c4detonator02.mdb"],
      "app:/Weapon/e_throw_c4detonator02.cas",
      {
        "$SGOTT_EMBED": true,
        "format": "hex",
        "data": "4d4142000f000000830000000300020002002a00240000005c00000080000000c0000000000001001800000001000000300000000200000028000000840000008a00000002000000440000005400000044000000000000006400000020000000200000007e0000000000000010000000100000006400000000000000babababa0000000000000000000000000000803f0000a0400000a0400000a0400000803f53474f000201000000000000200000000000000020000000000000002000000030003100000062006f00640079000000680069006400650000007300740061006e006400620079000000"
      }
    ],
    "ModelConstraint": ["arms_l", ["arms_r", "swich"]],
    "BaseAnimation": "throw",
    "AimAnimation": "aim_no_ik",
    "ChangeAnimation": "throw_change1",
    "ReloadAnimation": "throw_reload1",
    "AmmoCount": [10, 0, 0, 7, 0.5, 0.5, 0],
    "EnergyChargeRequire": [-1, -1],
    "ReloadType": 1,
    "ReloadInit": 1,
    "ReloadTime": [3600, 21, 2, 8, 1, 0.5, 0],
    "AngleAdjust": 0,
    "LockonType": 0,
    "LockonTargetType": 0,
    "Lockon_DistributionType": 0,
    "Lockon_FireEndToClear": 1,
    "Lockon_AutoTimeOut": 1,
    "LockonRange": 0,
    "LockonAngle": [0.30000001192092896, 0.30000001192092896],
    "LockonTime": 0,
    "LockonFailedTime": 0,
    "LockonHoldTime": 0,
    "FireType": 0,
    "FireSpreadType": 0,
    "FireSpreadWidth": 0,
    "FireCount": 1,
    "FireInterval": 40,
    "FireBurstCount": 1,
    "FireBurstInterval": 0,
    "FireAccuracy": 0,
    "FireRecoil": 0,
    "FireVector": [0, 0.125, 1],
    "FireSe": [0, "weapon_Ranger_GL_throwHeavy", 1, 1.149999976158142, 2, 20],
    "FireLoadSe": null,
    "ShellCaseDischargeSe": null,
    "SecondaryFire_Type": 3,
    "SecondaryFire_Parameter": [0],
    "AmmoClass": "BombBullet01",
    "AmmoModel": "app:/WEAPON/bullet_c4detonator02.rab",
    "AmmoSpeed": 0.25,
    "AmmoOwnerMove": 1,
    "AmmoGravityFactor": 1,
    "AmmoAlive": 1800,
    "AmmoDamage": [36000, 8, 1, 10, 0.5, 0.5, 1],
    "AmmoDamageReduce": [1, 1],
    "AmmoExplosion": [40, 32, 3, 8, 0.5, 0.5, 1],
    "AmmoIsPenetration": 0,
    "AmmoSize": 2,
    "AmmoHitSizeAdjust": 1,
    "AmmoHitImpulseAdjust": 1,
    "AmmoColor": [1, 0, 0, 0.5],
    "Ammo_CustomParameter": [
      0,
      0,
      0,
      300,
      16,
      [0, 0.10000000149011612, 0.10000000149011612],
      0,
      null,
      ["武器Ｃ系爆弾接地Ｃ", "武器起動可能", 0, 0]
    ],
    "Ammo_EquipVoice": null,
    "AmmoHitSe": [0, "common_damages_explode_LL", 1, 1, 1, 200],
    "MuzzleFlash": "",
    "MuzzleFlash_CustomParameter": null,
    "ShellCase": ["", "", 0],
    "ShellCase_CustomParameter": null,
    "ExtPrams": [1],
    "resource": ["app:/WEAPON/bullet_c4detonator02.rab"]
  },
  "strings": [
    "AmmoExplosion",
    "LockonTargetType",
    "BaseAnimation",
    "AmmoColor",
    "LockonAngle",
    "AimAnimation",
    "WeaponIcon",
    "Lockon_AutoTimeOut",
    "ReloadType",
    "MuzzleFlash",
    "AmmoAlive",
    "FireVector",
    "FireType",
    "AmmoClass",
    "AmmoDamageReduce",
    "AmmoDamage",
    "AmmoGravityFactor",
    "AmmoCount",
    "SecondaryFire_Type",
    "AmmoHitImpulseAdjust",
    "BombBullet01",
    "AmmoHitSe",
    "AmmoHitSizeAdjust",
    "AmmoIsPenetration",
    "is_manual_reload",
    "AmmoModel",
    "AmmoOwnerMove",
    "ＣＡ９０炸弹",
    "FireCondition",
    "AmmoSize",
    "AmmoSpeed",
    "ReloadInit",
    "Ammo_CustomParameter",
    "LockonTime",
    "Ammo_EquipVoice",
    "AngleAdjust",
    "name.cn",
    "SecondaryFire_Parameter",
    "LockonFailedTime",
    "ChangeAnimation",
    "FireAccuracy",
    "武器起動可能",
    "EnergyChargeRequire",
    "app:/Weapon/e_throw_c4detonator02.rab",
    "ReloadTime",
    "ExtPrams",
    "FireBurstCount",
    "LockonRange",
    "FireBurstInterval",
    "FireCount",
    "FireInterval",
    "FireLoadSe",
    "FireRecoil",
    "FireSe",
    "FireSpreadType",
    "FireSpreadWidth",
    "LockonHoldTime",
    "LockonType",
    "ShellCase_CustomParameter",
    "Lockon_DistributionType",
    "Lockon_FireEndToClear",
    "name.en",
    "ModelConstraint",
    "MuzzleFlash_CustomParameter",
    "e_throw_c4detonator02.mdb",
    "ReloadAnimation",
    "ShellCase",
    "ShellCaseDischargeSe",
    "throw",
    "animation_model",
    "custom_parameter",
    "name.ja",
    "name.kr",
    "name.sc",
    "resource",
    "use_underground",
    "arms_l",
    "xgs_scene_object_class",
    "Weapon_Sub",
    "weapon_Ranger_GL_throwHeavy",
    "aim_no_ik",
    "long_press_count",
    "animation",
    "animation_speed",
    "show_throw_guide",
    "whole_body",
    "throwL_swing",
    "always_show",
    "radius",
    "ＣＡ９０爆弾",
    "CA90 Bomb",
    "ＣＡ９０炸彈",
    "CA90 폭탄",
    "app:/weapon/icon/e_throw_c4detonator02.dds",
    "app:/Weapon/e_throw_c4detonator02.cas",
    "arms_r",
    "swich",
    "throw_change1",
    "throw_reload1",
    "app:/WEAPON/bullet_c4detonator02.rab",
    "武器Ｃ系爆弾接地Ｃ",
    "common_damages_explode_LL",
    ""
  ]
}