{
  "format": "DSGO",
  "endian": "LE",
  "data": {
    "xgs_scene_object_class": "Weapon_Sub",
    "custom_parameter": {
      "animation": "vehicle_call",
      "whole_body": 1,
      "animation_speed": 1
    },
    "use_underground": 0,
    "FireCondition": 0,
    "name.ja": "ＨＵ０４ブルート ヘルフレイム",
    "name.en": "HU04 Brute Hell Flame",
    "name.cn": "ＨＵ０４狂暴直升機 地獄級",
    "name.kr": "HU04 브루트 헬 플레임",
    "name.sc": "ＨＵ０４狂暴直升机 地狱级",
    "WeaponIcon": "app:/weapon/icon/heli03.dds",
    "animation_model": [
      ["app:/Weapon/e_throw_marker01.rab", "e_throw_marker01.mdb"],
      "app:/Weapon/e_throw_marker01.cas",
      {
        "$SGOTT_EMBED": true,
        "format": "hex",
        "data": "4d4142000f000000830000000300020002002a00240000005c00000080000000c0000000000001001800000001000000300000000200000028000000840000008a00000002000000440000005400000044000000000000006400000020000000200000007e0000000000000010000000100000006400000000000000babababa0000000000000000000000000000803f0000a0400000a0400000a0400000803f53474f000201000000000000200000000000000020000000000000002000000030003100000062006f00640079000000680069006400650000007300740061006e006400620079000000"
      }
    ],
    "ModelConstraint": ["arms_r"],
    "BaseAnimation": "throw",
    "AimAnimation": "aim_no_ik",
    "ChangeAnimation": "throw_change1",
    "ReloadAnimation": "throw_reload1",
    "AmmoCount": 1,
    "EnergyChargeRequire": [-1, -1],
    "ReloadType": 2,
    "ReloadInit": 1,
    "ReloadTime": [12000, 21, 0, 8, 1, 0.5, 0],
    "AngleAdjust": 0,
    "LockonType": 0,
    "LockonTargetType": 0,
    "Lockon_DistributionType": 0,
    "Lockon_FireEndToClear": 1,
    "Lockon_AutoTimeOut": 1,
    "LockonRange": 0,
    "LockonAngle": [0.30000001192092896, 0.30000001192092896],
    "LockonTime": 0,
    "LockonFailedTime": 0,
    "LockonHoldTime": 0,
    "FireType": 0,
    "FireSpreadType": 0,
    "FireSpreadWidth": 0,
    "FireCount": 1,
    "FireInterval": 120,
    "FireBurstCount": 1,
    "FireBurstInterval": 0,
    "FireAccuracy": 0,
    "FireRecoil": 0,
    "FireVector": [0, 0.25, 1.100000023841858],
    "FireSe": [0, "weapon_Engineer_Vehicle_throw", 1, 1, 2, 20],
    "FireLoadSe": null,
    "ShellCaseDischargeSe": null,
    "SecondaryFire_Type": 0,
    "SecondaryFire_Parameter": [0],
    "AmmoClass": "SmokeCandleBullet01",
    "AmmoModel": "app:/WEAPON/e_throw_marker01.rab",
    "AmmoSpeed": 0.4000000059604645,
    "AmmoOwnerMove": 1,
    "AmmoGravityFactor": 1,
    "AmmoAlive": 1800,
    "AmmoDamage": 1800,
    "AmmoDamageReduce": [1, 1],
    "AmmoExplosion": 40,
    "AmmoIsPenetration": 0,
    "AmmoSize": 1,
    "AmmoHitSizeAdjust": 1,
    "AmmoHitImpulseAdjust": 1,
    "AmmoColor": [1, 0, 0, 0.5],
    "Ammo_CustomParameter": [
      0.05000000074505806,
      180,
      120,
      1,
      [
        "app:/Object/v508_transport.sgo",
        "app:/object/v509_transportbox.sgo",
        "app:/Object/Vehicle410_heli.sgo",
        [
          [10, 4.900000095367432],
          [
            70,
            0.0005000000237487257,
            20,
            0.0005000000237487257,
            10,
            35,
            0.0024999999441206455
          ],
          [350000, 15],
          [
            [
              "app:/weapon/v_410heli_flamethrower10.sgo",
              ["AimRecoil", [0, 0]],
              [120, 0.009999999776482582, 0.019999999552965164]
            ],
            ["app:/weapon/v_fuel01.sgo"]
          ]
        ]
      ],
      ["輸送部隊目標確認", "輸送部隊発射", "輸送部隊攻撃後レンジャー"]
    ],
    "Ammo_EquipVoice": ["輸送部隊出撃直後レンジャー", "輸送部隊支援不能"],
    "AmmoHitSe": [0, "weapon_Engineer_Vehicle_smoke", 0.5, 1, 1, 20],
    "MuzzleFlash": "",
    "MuzzleFlash_CustomParameter": null,
    "ShellCase": ["", "", 0],
    "ShellCase_CustomParameter": null,
    "ExtPrams": [1],
    "resource": [
      "app:/WEAPON/e_throw_marker01.rab",
      "app:/Object/v508_transport.sgo",
      "app:/object/v509_transportbox.sgo",
      "app:/Object/Vehicle410_heli.sgo",
      "app:/weapon/v_410heli_flamethrower10.sgo",
      "app:/weapon/v_fuel01.sgo"
    ]
  },
  "strings": [
    "AmmoExplosion",
    "LockonTargetType",
    "BaseAnimation",
    "ＨＵ０４狂暴直升机 地狱级",
    "AmmoColor",
    "LockonAngle",
    "AimAnimation",
    "WeaponIcon",
    "Lockon_AutoTimeOut",
    "ReloadType",
    "MuzzleFlash",
    "AmmoAlive",
    "FireVector",
    "FireType",
    "AmmoClass",
    "AmmoDamageReduce",
    "AmmoDamage",
    "AmmoGravityFactor",
    "AmmoCount",
    "SecondaryFire_Type",
    "AmmoHitImpulseAdjust",
    "AmmoHitSe",
    "ＨＵ０４狂暴直升機 地獄級",
    "AmmoHitSizeAdjust",
    "AmmoIsPenetration",
    "AmmoModel",
    "AmmoOwnerMove",
    "FireCondition",
    "AmmoSize",
    "AmmoSpeed",
    "ReloadInit",
    "Ammo_CustomParameter",
    "LockonTime",
    "Ammo_EquipVoice",
    "AngleAdjust",
    "name.cn",
    "SecondaryFire_Parameter",
    "LockonFailedTime",
    "ChangeAnimation",
    "FireAccuracy",
    "EnergyChargeRequire",
    "ReloadTime",
    "ExtPrams",
    "FireBurstCount",
    "LockonRange",
    "FireBurstInterval",
    "FireCount",
    "FireInterval",
    "FireLoadSe",
    "FireRecoil",
    "app:/weapon/v_fuel01.sgo",
    "FireSe",
    "FireSpreadType",
    "FireSpreadWidth",
    "LockonHoldTime",
    "LockonType",
    "ShellCase_CustomParameter",
    "Lockon_DistributionType",
    "Lockon_FireEndToClear",
    "name.en",
    "ModelConstraint",
    "MuzzleFlash_CustomParameter",
    "ReloadAnimation",
    "ShellCase",
    "ShellCaseDischargeSe",
    "throw",
    "animation_model",
    "custom_parameter",
    "name.ja",
    "name.kr",
    "name.sc",
    "resource",
    "use_underground",
    "xgs_scene_object_class",
    "Weapon_Sub",
    "aim_no_ik",
    "animation",
    "animation_speed",
    "whole_body",
    "vehicle_call",
    "ＨＵ０４ブルート ヘルフレイム",
    "app:/weapon/icon/heli03.dds",
    "HU04 Brute Hell Flame",
    "HU04 브루트 헬 플레임",
    "app:/Weapon/e_throw_marker01.rab",
    "e_throw_marker01.mdb",
    "app:/Weapon/e_throw_marker01.cas",
    "arms_r",
    "throw_change1",
    "throw_reload1",
    "weapon_Engineer_Vehicle_throw",
    "SmokeCandleBullet01",
    "app:/WEAPON/e_throw_marker01.rab",
    "app:/Object/v508_transport.sgo",
    "app:/object/v509_transportbox.sgo",
    "app:/Object/Vehicle410_heli.sgo",
    "app:/weapon/v_410heli_flamethrower10.sgo",
    "AimRecoil",
    "輸送部隊目標確認",
    "輸送部隊発射",
    "輸送部隊攻撃後レンジャー",
    "輸送部隊出撃直後レンジャー",
    "輸送部隊支援不能",
    "weapon_Engineer_Vehicle_smoke",
    ""
  ]
}