{
  "format": "DSGO",
  "endian": "LE",
  "data": {
    "xgs_scene_object_class": "Weapon_Sub",
    "custom_parameter": {
      "animation": "throwL_swing",
      "whole_body": 0,
      "animation_speed": 3,
      "is_manual_reload": 0,
      "show_throw_guide": {"always_show": 0},
      "long_press_count": 216000
    },
    "use_underground": 1,
    "FireCondition": 0,
    "name.ja": "Ｔ６マウス",
    "name.en": "T6 Mouse",
    "name.cn": "Ｔ６老鼠彈",
    "name.kr": "T6 마우스",
    "name.sc": "Ｔ６老鼠弹",
    "WeaponIcon": "app:/weapon/icon/grenade.dds",
    "animation_model": [
      ["app:/Weapon/s_grenade_mg10.rab", "s_grenade_mg10.mdb"],
      "app:/Weapon/s_grenade_mg10.cas",
      {
        "$SGOTT_EMBED": true,
        "format": "hex",
        "data": "4d4142000f000000830000000300020002003e00240000005c00000080000000c000000000000100180000000100000030000000020000002800000084000000940000000200000044000000540000004400000000000000640000002000000020000000920000000000000010000000100000005a00000000000000babababa0000000000000000000000000000803f0000a0400000a0400000a0400000803f53474f00020100000000000020000000000000002000000000000000200000003000310000006800690064006500000073005f006700720065006e006100640065005f006d0067003100300000007300740061006e006400620079000000"
      }
    ],
    "ModelConstraint": ["arms_l"],
    "BaseAnimation": "throw",
    "AimAnimation": "aim_no_ik",
    "ChangeAnimation": "throw_change1",
    "ReloadAnimation": "throw_reload1",
    "AmmoCount": 6,
    "EnergyChargeRequire": [-1, -1],
    "ReloadType": 1,
    "ReloadInit": 1,
    "ReloadTime": [400, 21, 2, 8, 1, 0.5, 0],
    "AngleAdjust": 0,
    "LockonType": 0,
    "LockonTargetType": 0,
    "Lockon_DistributionType": 0,
    "Lockon_FireEndToClear": 1,
    "Lockon_AutoTimeOut": 1,
    "LockonRange": 0,
    "LockonAngle": [0.30000001192092896, 0.30000001192092896],
    "LockonTime": 0,
    "LockonFailedTime": 0,
    "LockonHoldTime": 0,
    "FireType": 0,
    "FireSpreadType": 2,
    "FireSpreadWidth": 0.20000000298023224,
    "FireCount": 1,
    "FireInterval": 0,
    "FireBurstCount": 1,
    "FireBurstInterval": 0,
    "FireAccuracy": 0,
    "FireRecoil": 0,
    "FireVector": [0, 0.125, 1],
    "FireSe": [0, "weapon_Ranger_GL_throw", 1, 1, 2, 20],
    "FireLoadSe": null,
    "ShellCaseDischargeSe": null,
    "SecondaryFire_Type": 0,
    "SecondaryFire_Parameter": [0],
    "AmmoClass": "EfsBullet",
    "AmmoModel": "app:/WEAPON/s_grenade_mg10.rab",
    "AmmoSpeed": [1.399999976158142, 16, 3, 10, 0.25, 2, 1],
    "AmmoOwnerMove": 1,
    "AmmoGravityFactor": 1,
    "AmmoAlive": 600,
    "AmmoDamage": [480, 8, 0, 10, 0.5, 0.5, 1],
    "AmmoDamageAttribute": {"shield": 1.5},
    "AmmoDamageReduce": [1, 1],
    "AmmoExplosion": [4.5, 32, 1, 10, 0.5, 0.5, 1],
    "AmmoIsPenetration": 0,
    "AmmoSize": 0.699999988079071,
    "AmmoHitSizeAdjust": 1,
    "AmmoHitImpulseAdjust": 1,
    "AmmoColor": [0, 0, 1, 1],
    "Ammo_CustomParameter": {
      "efarc": "app:/weapon/effect/ranger_hand_grenade.efarc",
      "bullet": {"esb": "bullet.esb", "scale": 0.125, "color": [1, 1, 1, 1]},
      "hit": {"use_default_effect": 1}
    },
    "Ammo_EquipVoice": null,
    "AmmoHitSe": [0, "common_damages_explode_S", 1, 1, 1, 200],
    "MuzzleFlash": "",
    "MuzzleFlash_CustomParameter": null,
    "ShellCase": ["", "", 0],
    "ShellCase_CustomParameter": null,
    "ExtPrams": [1],
    "resource": [
      "app:/WEAPON/s_grenade_mg10.rab",
      "app:/weapon/effect/ranger_hand_grenade.efarc"
    ]
  },
  "strings": [
    "LockonTargetType",
    "BaseAnimation",
    "AmmoColor",
    "LockonAngle",
    "AimAnimation",
    "is_manual_reload",
    "AmmoModel",
    "AmmoDamageAttribute",
    "WeaponIcon",
    "Lockon_AutoTimeOut",
    "ReloadType",
    "MuzzleFlash",
    "AmmoAlive",
    "FireVector",
    "FireType",
    "AmmoClass",
    "AmmoDamageReduce",
    "AmmoDamage",
    "AmmoGravityFactor",
    "AmmoCount",
    "AmmoExplosion",
    "SecondaryFire_Type",
    "AmmoHitImpulseAdjust",
    "AmmoHitSe",
    "AmmoHitSizeAdjust",
    "AmmoIsPenetration",
    "AmmoOwnerMove",
    "FireCondition",
    "AmmoSize",
    "AmmoSpeed",
    "ReloadInit",
    "Ammo_CustomParameter",
    "LockonTime",
    "Ammo_EquipVoice",
    "AngleAdjust",
    "name.cn",
    "SecondaryFire_Parameter",
    "LockonFailedTime",
    "ChangeAnimation",
    "FireAccuracy",
    "EnergyChargeRequire",
    "ReloadTime",
    "ExtPrams",
    "FireBurstCount",
    "LockonRange",
    "FireBurstInterval",
    "FireCount",
    "FireInterval",
    "FireLoadSe",
    "FireRecoil",
    "FireSe",
    "FireSpreadType",
    "FireSpreadWidth",
    "LockonHoldTime",
    "LockonType",
    "ShellCase_CustomParameter",
    "Lockon_DistributionType",
    "Lockon_FireEndToClear",
    "ModelConstraint",
    "MuzzleFlash_CustomParameter",
    "ReloadAnimation",
    "ShellCase",
    "ShellCaseDischargeSe",
    "throw",
    "animation_model",
    "custom_parameter",
    "name.en",
    "name.ja",
    "name.kr",
    "name.sc",
    "resource",
    "use_underground",
    "arms_l",
    "xgs_scene_object_class",
    "Weapon_Sub",
    "aim_no_ik",
    "long_press_count",
    "animation",
    "animation_speed",
    "show_throw_guide",
    "whole_body",
    "throwL_swing",
    "always_show",
    "Ｔ６マウス",
    "T6 Mouse",
    "Ｔ６老鼠彈",
    "T6 마우스",
    "Ｔ６老鼠弹",
    "app:/weapon/icon/grenade.dds",
    "app:/Weapon/s_grenade_mg10.rab",
    "s_grenade_mg10.mdb",
    "app:/Weapon/s_grenade_mg10.cas",
    "throw_change1",
    "throw_reload1",
    "weapon_Ranger_GL_throw",
    "EfsBullet",
    "app:/WEAPON/s_grenade_mg10.rab",
    "shield",
    "bullet",
    "efarc",
    "hit",
    "app:/weapon/effect/ranger_hand_grenade.efarc",
    "color",
    "esb",
    "scale",
    "bullet.esb",
    "use_default_effect",
    "common_damages_explode_S",
    ""
  ]
}