{
  "format": "DSGO",
  "endian": "LE",
  "data": {
    "xgs_scene_object_class": "Weapon_BasicShoot",
    "custom_parameter": ["shoulder_recoil3", 0, 0, 1, [1, 1000, 1]],
    "use_underground": 1,
    "FireCondition": 0,
    "name.ja": "レパード誘導ロケット零式",
    "name.en": "Leopard Guided Rocket Launcher Model 0",
    "name.cn": "勁豹導引火箭零式",
    "name.kr": "레퍼드 유도 로켓 0식",
    "name.sc": "劲豹导引火箭零式",
    "WeaponIcon": "app:/weapon/icon/stingrayMMF.dds",
    "Sight_animation_model": [["app:/HUD/sight02.rab", "sight02.mdb"], 0, 0],
    "animation_model": [
      ["app:/Weapon/s_rocket_stingrayMMF.rab", "s_rocket_stingrayMMF.mdb"],
      0,
      {
        "$SGOTT_EMBED": true,
        "format": "hex",
        "data": "4d4142000f000000830000000300000005003600240000007c00000080000000f0000000000001001800000001000100300000000200000048000000b4000000c00000000200000054000000640000004400000000000000940000009a000000a0000000020000005400000044000000640000000000000074000000babababa0000000000000000000000000000803f00000000e3a51b3e5c8f623f0000803f0ad7a33c0ad7a33c0ad7a33c0000803f4226d93d098c75bc282d3c3e0000803fc8e7a3bf0fe546bf02832a400000803f53474f000201000000000000200000000000000020000000000000002000000030003100000049004b00000073005f0072006f0063006b00650074005f007300740069006e0067007200610079004d004d0046000000"
      }
    ],
    "ModelConstraint": ["arms_r"],
    "BaseAnimation": "shoulder",
    "AimAnimation": "aim",
    "ChangeAnimation": "shoulder_change1",
    "ReloadAnimation": "shoulder_reload1",
    "AmmoCount": [5, 0, 0, 8, 0.5, 1.5, 0],
    "EnergyChargeRequire": [-1, -1],
    "ReloadType": 0,
    "ReloadInit": 1,
    "ReloadTime": [120, 21, 3, 5, 1, 0.5, 0],
    "AngleAdjust": 0,
    "LockonType": 0,
    "LockonTargetType": 0,
    "Lockon_DistributionType": 0,
    "Lockon_FireEndToClear": 1,
    "Lockon_AutoTimeOut": 1,
    "LockonRange": 0,
    "LockonAngle": [0.30000001192092896, 0.30000001192092896],
    "LockonTime": 0,
    "LockonFailedTime": 0,
    "LockonHoldTime": 0,
    "FireType": 0,
    "FireSpreadType": 0,
    "FireSpreadWidth": 0,
    "FireCount": 1,
    "FireInterval": [50, 25, 4, 5, 0.5, 0.5, 0],
    "FireBurstCount": 1,
    "FireBurstInterval": 0,
    "FireAccuracy": [0.009999999776482582, 13, 2, 5, 2, 0.5, 1],
    "FireRecoil": 0.30000001192092896,
    "FireVector": null,
    "FireSe": [0, "e5w_RLnew_SMAW-SeekerZERO", 1, 1, 2, 25],
    "FireLoadSe": null,
    "ShellCaseDischargeSe": null,
    "SecondaryFire_Type": 1,
    "SecondaryFire_Parameter": 4,
    "AmmoClass": "MissileBullet01",
    "AmmoModel": "app:/WEAPON/bullet_rocket.rab",
    "AmmoSpeed": 0.20000000298023224,
    "AmmoOwnerMove": 0,
    "AmmoGravityFactor": 0.5,
    "AmmoAlive": 300,
    "AmmoDamage": [2600, 8, 1, 10, 0.5, 0.5, 1],
    "AmmoDamageReduce": [1, 1],
    "AmmoExplosion": [15, 32, 5, 10, 0.5, 0.5, 1],
    "AmmoIsPenetration": 0,
    "AmmoSize": 2,
    "AmmoHitSizeAdjust": 1,
    "AmmoHitImpulseAdjust": 1,
    "AmmoColor": [0.75, 0.75, 0.75, 1],
    "Ammo_CustomParameter": [
      1,
      1,
      100,
      [0, 0, -0.05000000074505806],
      0.05000000074505806,
      0.10000000149011612,
      7,
      [15, 0.949999988079071],
      0,
      0,
      null,
      [
        0,
        "weapon_Ranger_ML_go_Medium",
        0.4000000059604645,
        0.6674200296401978,
        1,
        100
      ]
    ],
    "Ammo_EquipVoice": null,
    "AmmoHitSe": [0, "common_damages_explode_M", 1, 1, 1, 200],
    "MuzzleFlash": "MuzzleSmoke01",
    "MuzzleFlash_CustomParameter": [
      1,
      0.125,
      [1, 1, 1, 0.5],
      0.05000000074505806,
      [0, 0, -1.600000023841858]
    ],
    "ShellCase": ["", "", 0],
    "ShellCase_CustomParameter": null,
    "ExtPrams": [1],
    "resource": ["app:/WEAPON/bullet_rocket.rab"]
  },
  "strings": [
    "AmmoExplosion",
    "LockonTargetType",
    "BaseAnimation",
    "AmmoColor",
    "LockonAngle",
    "AimAnimation",
    "WeaponIcon",
    "Lockon_AutoTimeOut",
    "ReloadType",
    "MuzzleFlash",
    "AmmoAlive",
    "FireVector",
    "FireType",
    "AmmoClass",
    "AmmoDamageReduce",
    "AmmoDamage",
    "e5w_RLnew_SMAW-SeekerZERO",
    "AmmoGravityFactor",
    "AmmoCount",
    "SecondaryFire_Type",
    "AmmoHitImpulseAdjust",
    "AmmoHitSe",
    "AmmoHitSizeAdjust",
    "AmmoIsPenetration",
    "AmmoModel",
    "AmmoOwnerMove",
    "FireCondition",
    "AmmoSize",
    "レパード誘導ロケット零式",
    "AmmoSpeed",
    "ReloadInit",
    "weapon_Ranger_ML_go_Medium",
    "Ammo_CustomParameter",
    "LockonTime",
    "Ammo_EquipVoice",
    "AngleAdjust",
    "name.cn",
    "SecondaryFire_Parameter",
    "LockonFailedTime",
    "ChangeAnimation",
    "FireAccuracy",
    "EnergyChargeRequire",
    "ReloadTime",
    "ExtPrams",
    "FireBurstCount",
    "LockonRange",
    "FireBurstInterval",
    "FireCount",
    "FireInterval",
    "FireLoadSe",
    "FireRecoil",
    "FireSe",
    "FireSpreadType",
    "FireSpreadWidth",
    "Sight_animation_model",
    "LockonHoldTime",
    "LockonType",
    "ShellCase_CustomParameter",
    "Lockon_DistributionType",
    "Lockon_FireEndToClear",
    "ModelConstraint",
    "MuzzleFlash_CustomParameter",
    "ReloadAnimation",
    "ShellCase",
    "ShellCaseDischargeSe",
    "animation_model",
    "custom_parameter",
    "name.en",
    "name.ja",
    "name.kr",
    "name.sc",
    "resource",
    "use_underground",
    "xgs_scene_object_class",
    "Weapon_BasicShoot",
    "shoulder_recoil3",
    "Leopard Guided Rocket Launcher Model 0",
    "勁豹導引火箭零式",
    "레퍼드 유도 로켓 0식",
    "劲豹导引火箭零式",
    "app:/weapon/icon/stingrayMMF.dds",
    "app:/HUD/sight02.rab",
    "sight02.mdb",
    "app:/Weapon/s_rocket_stingrayMMF.rab",
    "s_rocket_stingrayMMF.mdb",
    "arms_r",
    "shoulder",
    "aim",
    "shoulder_change1",
    "shoulder_reload1",
    "MissileBullet01",
    "app:/WEAPON/bullet_rocket.rab",
    "common_damages_explode_M",
    "MuzzleSmoke01",
    ""
  ]
}