{
  "format": "DSGO",
  "endian": "LE",
  "data": {
    "xgs_scene_object_class": "Weapon_Sub",
    "custom_parameter": {
      "animation": "vehicle_call",
      "whole_body": 1,
      "animation_speed": 1
    },
    "use_underground": 0,
    "FireCondition": 0,
    "name.ja": "ＥＭＣ",
    "name.en": "EMC",
    "name.cn": "ＥＭＣ",
    "name.kr": "EMC",
    "name.sc": "ＥＭＣ",
    "WeaponIcon": "app:/weapon/icon/EMC.dds",
    "animation_model": [
      ["app:/Weapon/e_throw_marker01.rab", "e_throw_marker01.mdb"],
      "app:/Weapon/e_throw_marker01.cas",
      {
        "$SGOTT_EMBED": true,
        "format": "hex",
        "data": "4d4142000f000000830000000300020002002a00240000005c00000080000000c0000000000001001800000001000000300000000200000028000000840000008a00000002000000440000005400000044000000000000006400000020000000200000007e0000000000000010000000100000006400000000000000babababa0000000000000000000000000000803f0000a0400000a0400000a0400000803f53474f000201000000000000200000000000000020000000000000002000000030003100000062006f00640079000000680069006400650000007300740061006e006400620079000000"
      }
    ],
    "ModelConstraint": ["arms_r"],
    "BaseAnimation": "throw",
    "AimAnimation": "aim_no_ik",
    "ChangeAnimation": "throw_change1",
    "ReloadAnimation": "throw_reload1",
    "AmmoCount": 1,
    "EnergyChargeRequire": [-1, -1],
    "ReloadType": 2,
    "ReloadInit": 0.8339999914169312,
    "ReloadTime": [54000, 21, 0, 8, 1, 0.5, 0],
    "AngleAdjust": 0,
    "LockonType": 0,
    "LockonTargetType": 0,
    "Lockon_DistributionType": 0,
    "Lockon_FireEndToClear": 1,
    "Lockon_AutoTimeOut": 1,
    "LockonRange": 0,
    "LockonAngle": [0.30000001192092896, 0.30000001192092896],
    "LockonTime": 0,
    "LockonFailedTime": 0,
    "LockonHoldTime": 0,
    "FireType": 0,
    "FireSpreadType": 0,
    "FireSpreadWidth": 0,
    "FireCount": 1,
    "FireInterval": 120,
    "FireBurstCount": 1,
    "FireBurstInterval": 0,
    "FireAccuracy": 0,
    "FireRecoil": 0,
    "FireVector": [0, 0.25, 1.100000023841858],
    "FireSe": [0, "weapon_Engineer_Vehicle_throw", 1, 1, 2, 20],
    "FireLoadSe": null,
    "ShellCaseDischargeSe": null,
    "SecondaryFire_Type": 0,
    "SecondaryFire_Parameter": [0],
    "AmmoClass": "SmokeCandleBullet01",
    "AmmoModel": "app:/WEAPON/e_throw_marker01.rab",
    "AmmoSpeed": 0.4000000059604645,
    "AmmoOwnerMove": 1,
    "AmmoGravityFactor": 1,
    "AmmoAlive": 1800,
    "AmmoDamage": 1000,
    "AmmoDamageReduce": [1, 1],
    "AmmoExplosion": 40,
    "AmmoIsPenetration": 0,
    "AmmoSize": 1,
    "AmmoHitSizeAdjust": 1,
    "AmmoHitImpulseAdjust": 1,
    "AmmoColor": [1, 0, 0, 0.5],
    "Ammo_CustomParameter": [
      0.05000000074505806,
      180,
      120,
      1,
      [
        "app:/Object/v508_transport.sgo",
        "app:/object/v509_transportbox.sgo",
        "app:/Object/v510_maser.sgo",
        [
          [3.9000000953674316, 1.2999999523162842],
          [
            1.5,
            10,
            0.02500000037252903,
            1,
            0.10000000149011612,
            0.4000000059604645
          ],
          [
            [
              "app:/weapon/v_510_maser_thunder01.sgo",
              [0, 0],
              [15, 0.009999999776482582, 0.05000000074505806]
            ]
          ]
        ]
      ],
      ["輸送部隊目標確認", "輸送部隊発射", "輸送部隊攻撃後レンジャー"]
    ],
    "Ammo_EquipVoice": ["輸送部隊出撃直後レンジャー", "輸送部隊支援不能"],
    "AmmoHitSe": [0, "weapon_Engineer_Vehicle_smoke", 0.5, 1, 1, 20],
    "MuzzleFlash": "",
    "MuzzleFlash_CustomParameter": null,
    "ShellCase": ["", "", 0],
    "ShellCase_CustomParameter": null,
    "ExtPrams": [1],
    "resource": [
      "app:/WEAPON/e_throw_marker01.rab",
      "app:/Object/v508_transport.sgo",
      "app:/object/v509_transportbox.sgo",
      "app:/Object/v510_maser.sgo",
      "app:/weapon/v_510_maser_thunder01.sgo"
    ]
  },
  "strings": [
    "AmmoExplosion",
    "LockonTargetType",
    "BaseAnimation",
    "AmmoColor",
    "LockonAngle",
    "AimAnimation",
    "WeaponIcon",
    "Lockon_AutoTimeOut",
    "ReloadType",
    "MuzzleFlash",
    "AmmoAlive",
    "FireVector",
    "FireType",
    "AmmoClass",
    "AmmoDamageReduce",
    "AmmoDamage",
    "AmmoGravityFactor",
    "AmmoCount",
    "SecondaryFire_Type",
    "AmmoHitImpulseAdjust",
    "AmmoHitSe",
    "AmmoHitSizeAdjust",
    "AmmoIsPenetration",
    "AmmoModel",
    "AmmoOwnerMove",
    "FireCondition",
    "AmmoSize",
    "AmmoSpeed",
    "ReloadInit",
    "Ammo_CustomParameter",
    "LockonTime",
    "Ammo_EquipVoice",
    "AngleAdjust",
    "name.cn",
    "SecondaryFire_Parameter",
    "LockonFailedTime",
    "ChangeAnimation",
    "FireAccuracy",
    "EnergyChargeRequire",
    "ReloadTime",
    "ExtPrams",
    "FireBurstCount",
    "LockonRange",
    "FireBurstInterval",
    "FireCount",
    "FireInterval",
    "FireLoadSe",
    "FireRecoil",
    "FireSe",
    "FireSpreadType",
    "FireSpreadWidth",
    "LockonHoldTime",
    "LockonType",
    "ShellCase_CustomParameter",
    "Lockon_DistributionType",
    "Lockon_FireEndToClear",
    "name.en",
    "ModelConstraint",
    "MuzzleFlash_CustomParameter",
    "ReloadAnimation",
    "ShellCase",
    "ShellCaseDischargeSe",
    "throw",
    "animation_model",
    "custom_parameter",
    "name.ja",
    "name.kr",
    "name.sc",
    "resource",
    "use_underground",
    "xgs_scene_object_class",
    "Weapon_Sub",
    "aim_no_ik",
    "animation",
    "animation_speed",
    "whole_body",
    "vehicle_call",
    "ＥＭＣ",
    "EMC",
    "app:/weapon/icon/EMC.dds",
    "app:/Weapon/e_throw_marker01.rab",
    "e_throw_marker01.mdb",
    "app:/Weapon/e_throw_marker01.cas",
    "arms_r",
    "throw_change1",
    "throw_reload1",
    "weapon_Engineer_Vehicle_throw",
    "SmokeCandleBullet01",
    "app:/WEAPON/e_throw_marker01.rab",
    "app:/Object/v508_transport.sgo",
    "app:/object/v509_transportbox.sgo",
    "app:/Object/v510_maser.sgo",
    "app:/weapon/v_510_maser_thunder01.sgo",
    "輸送部隊目標確認",
    "輸送部隊発射",
    "輸送部隊攻撃後レンジャー",
    "輸送部隊出撃直後レンジャー",
    "輸送部隊支援不能",
    "weapon_Engineer_Vehicle_smoke",
    ""
  ]
}