{
  "format": "DSGO",
  "endian": "LE",
  "data": {
    "xgs_scene_object_class": "Weapon_Sub",
    "custom_parameter": {
      "animation": "throwL_swing",
      "whole_body": 0,
      "animation_speed": 1,
      "is_manual_reload": 1
    },
    "use_underground": 1,
    "FireCondition": 0,
    "name.ja": "スターバースト",
    "name.en": "Starburst",
    "name.cn": "星辰炸裂",
    "name.kr": "스타버스트",
    "name.sc": "星辰炸裂",
    "WeaponIcon": "app:/weapon/icon/g_unknown.dds",
    "animation_model": [
      ["app:/Weapon/p_grenade_unknown02.rab", "p_grenade_unknown02.mdb"],
      "app:/Weapon/p_grenade_unknown.cas",
      {
        "$SGOTT_EMBED": true,
        "format": "hex",
        "data": "4d4142000f000000830000000300020003002a00240000005c00000080000000d0000000000001001800000001000000300000000200000028000000940000009a00000002000000540000006400000044000000000000007400000020000000200000008e0000000000000010000000100000007400000000000000babababa0000000000000000000000000000803f000000008fc2753d000000000000803fcdcc4c3dcdcc4c3dcdcc4c3d0000803f53474f000201000000000000200000000000000020000000000000002000000030003100000062006f00640079000000680069006400650000007300740061006e006400620079000000"
      }
    ],
    "ModelConstraint": ["arms_l"],
    "BaseAnimation": "throw",
    "AimAnimation": "aim_no_ik",
    "ChangeAnimation": "throw_change1",
    "ReloadAnimation": "throw_reload1",
    "AmmoCount": 1,
    "EnergyChargeRequire": [-1, -1],
    "ReloadType": 1,
    "ReloadInit": 1,
    "ReloadTime": 4800,
    "AngleAdjust": 0,
    "LockonType": 0,
    "LockonTargetType": 0,
    "Lockon_DistributionType": 0,
    "Lockon_FireEndToClear": 1,
    "Lockon_AutoTimeOut": 1,
    "LockonRange": 0,
    "LockonAngle": [0.30000001192092896, 0.30000001192092896],
    "LockonTime": 0,
    "LockonFailedTime": 0,
    "LockonHoldTime": 0,
    "FireType": 0,
    "FireSpreadType": 0,
    "FireSpreadWidth": 0,
    "FireCount": 1,
    "FireInterval": 0,
    "FireBurstCount": 1,
    "FireBurstInterval": 0,
    "FireAccuracy": 0,
    "FireRecoil": 0,
    "FireVector": null,
    "FireSe": [
      0,
      "e5w_WDnew_special_throwSpecial",
      0.7078999876976013,
      1,
      2,
      25
    ],
    "FireLoadSe": null,
    "ShellCaseDischargeSe": null,
    "SecondaryFire_Type": 0,
    "SecondaryFire_Parameter": [0],
    "AmmoClass": "ClusterBullet01",
    "AmmoModel": "app:/WEAPON/p_grenade_unknown02.rab",
    "AmmoSpeed": 2.5,
    "AmmoOwnerMove": 1,
    "AmmoGravityFactor": 0,
    "AmmoAlive": 120,
    "AmmoDamage": 150,
    "AmmoDamageReduce": [1, 1],
    "AmmoExplosion": 0,
    "AmmoIsPenetration": 0,
    "AmmoSize": 1,
    "AmmoHitSizeAdjust": 1,
    "AmmoHitImpulseAdjust": 1,
    "AmmoColor": [1, 1, 4, 1],
    "Ammo_CustomParameter": [
      0.9900000095367432,
      0,
      0,
      0,
      0,
      [
        [0, 0],
        [0, 0],
        10,
        360,
        "PlasmaBullet01",
        0.000009999999747378752,
        0.10000000149011612,
        10,
        1,
        20,
        1200,
        0,
        [1, 1, 4, 1],
        [0, 15],
        0,
        0,
        1,
        [1, "e5w_WDnew_special_starBurst", 1, 1, 10, 200],
        [0, "common_damages_impactPlasma_M", 1, 0.8909000158309937, 1, 200]
      ]
    ],
    "Ammo_EquipVoice": null,
    "AmmoHitSe": null,
    "MuzzleFlash": "",
    "MuzzleFlash_CustomParameter": null,
    "ShellCase": ["", "", 0],
    "ShellCase_CustomParameter": null,
    "ExtPrams": [1],
    "resource": ["app:/WEAPON/p_grenade_unknown02.rab"]
  },
  "strings": [
    "AmmoExplosion",
    "LockonTargetType",
    "BaseAnimation",
    "AmmoColor",
    "LockonAngle",
    "AimAnimation",
    "WeaponIcon",
    "Lockon_AutoTimeOut",
    "ReloadType",
    "MuzzleFlash",
    "AmmoAlive",
    "FireVector",
    "FireType",
    "AmmoClass",
    "AmmoDamageReduce",
    "AmmoDamage",
    "AmmoGravityFactor",
    "AmmoCount",
    "SecondaryFire_Type",
    "AmmoHitImpulseAdjust",
    "AmmoHitSe",
    "AmmoHitSizeAdjust",
    "AmmoIsPenetration",
    "is_manual_reload",
    "AmmoModel",
    "AmmoOwnerMove",
    "FireCondition",
    "AmmoSize",
    "AmmoSpeed",
    "ReloadInit",
    "Ammo_CustomParameter",
    "LockonTime",
    "Ammo_EquipVoice",
    "AngleAdjust",
    "name.cn",
    "SecondaryFire_Parameter",
    "LockonFailedTime",
    "ChangeAnimation",
    "FireAccuracy",
    "EnergyChargeRequire",
    "ReloadTime",
    "ExtPrams",
    "FireBurstCount",
    "LockonRange",
    "FireBurstInterval",
    "FireCount",
    "FireInterval",
    "FireLoadSe",
    "FireRecoil",
    "FireSe",
    "FireSpreadType",
    "FireSpreadWidth",
    "LockonHoldTime",
    "LockonType",
    "ShellCase_CustomParameter",
    "Lockon_DistributionType",
    "Lockon_FireEndToClear",
    "name.en",
    "ModelConstraint",
    "MuzzleFlash_CustomParameter",
    "ReloadAnimation",
    "ShellCase",
    "ShellCaseDischargeSe",
    "throw",
    "animation_model",
    "custom_parameter",
    "name.ja",
    "name.kr",
    "name.sc",
    "resource",
    "use_underground",
    "arms_l",
    "xgs_scene_object_class",
    "Weapon_Sub",
    "aim_no_ik",
    "animation",
    "animation_speed",
    "Starburst",
    "whole_body",
    "throwL_swing",
    "common_damages_impactPlasma_M",
    "スターバースト",
    "星辰炸裂",
    "스타버스트",
    "app:/weapon/icon/g_unknown.dds",
    "app:/Weapon/p_grenade_unknown02.rab",
    "p_grenade_unknown02.mdb",
    "app:/Weapon/p_grenade_unknown.cas",
    "throw_change1",
    "throw_reload1",
    "e5w_WDnew_special_throwSpecial",
    "ClusterBullet01",
    "app:/WEAPON/p_grenade_unknown02.rab",
    "PlasmaBullet01",
    "e5w_WDnew_special_starBurst",
    ""
  ]
}