{
  "format": "DSGO",
  "endian": "LE",
  "data": {
    "xgs_scene_object_class": "Weapon_Sub",
    "custom_parameter": {
      "animation": "throw_whole_decoy",
      "whole_body": 1,
      "animation_speed": 1,
      "is_manual_reload": 1
    },
    "use_underground": 1,
    "FireCondition": 0,
    "name.ja": "デコイ〔ブルー〕",
    "name.en": "Decoy [Blue]",
    "name.cn": "誘餌〔藍〕",
    "name.kr": "디코이(파랑)",
    "name.sc": "诱饵〔蓝〕",
    "WeaponIcon": "app:/weapon/icon/throw_decoy.dds",
    "animation_model": [
      ["app:/Weapon/e_throw_decoycore01.rab", "e_throw_decoycore01.mdb"],
      "app:/Weapon/e_throw_decoycore01.cas",
      {
        "$SGOTT_EMBED": true,
        "format": "hex",
        "data": "4d4142000f000000830000000300020002004800240000005c00000080000000c0000000000001001800000001000000300000000200000028000000840000008a00000002000000440000005400000044000000000000006400000020000000200000009c0000000000000010000000100000008200000000000000babababa0000000000000000000000000000803f0000a0400000a0400000a0400000803f53474f000201000000000000200000000000000020000000000000002000000030003100000065005f007400680072006f0077005f006400650063006f00790063006f0072006500300031000000680069006400650000007300740061006e006400620079000000"
      }
    ],
    "ModelConstraint": ["arms_r"],
    "BaseAnimation": "throw",
    "AimAnimation": "aim_no_ik",
    "ChangeAnimation": "throw_change1",
    "ReloadAnimation": "throw_reload1",
    "AmmoCount": [3, 0, 0, 3, 0.5, 0.5, 0],
    "EnergyChargeRequire": [-1, -1],
    "ReloadType": 1,
    "ReloadInit": 1,
    "ReloadTime": [2400, 21, 2, 8, 1, 0.5, 0],
    "AngleAdjust": 0,
    "LockonType": 0,
    "LockonTargetType": 0,
    "Lockon_DistributionType": 0,
    "Lockon_FireEndToClear": 1,
    "Lockon_AutoTimeOut": 1,
    "LockonRange": 0,
    "LockonAngle": [0.30000001192092896, 0.30000001192092896],
    "LockonTime": 0,
    "LockonFailedTime": 0,
    "LockonHoldTime": 0,
    "FireType": 0,
    "FireSpreadType": 0,
    "FireSpreadWidth": 0,
    "FireCount": 1,
    "FireInterval": 30,
    "FireBurstCount": 1,
    "FireBurstInterval": 0,
    "FireAccuracy": 0.004999999888241291,
    "FireRecoil": 0,
    "FireVector": null,
    "FireSe": [0, "weapon_Engineer_EX_spcDecoySet", 1, 1, 2, 20],
    "FireLoadSe": null,
    "ShellCaseDischargeSe": null,
    "SecondaryFire_Type": 2,
    "SecondaryFire_Parameter": [0],
    "AmmoClass": "DecoyBullet01",
    "AmmoModel": 0,
    "AmmoSpeed": 0,
    "AmmoOwnerMove": 1,
    "AmmoGravityFactor": 1,
    "AmmoAlive": 5400,
    "AmmoDamage": [1600, 8, 1, 10, 0.5, 1, 1],
    "AmmoDamageReduce": [1, 1],
    "AmmoExplosion": 0,
    "AmmoIsPenetration": 0,
    "AmmoSize": 1,
    "AmmoHitSizeAdjust": 1,
    "AmmoHitImpulseAdjust": 1,
    "AmmoColor": [0, 1, 0, 1],
    "Ammo_CustomParameter": [
      0,
      60,
      32,
      0,
      [
        ["app:/Weapon/e_throw_decoyscreen02.rab", "e_throw_decoyscreen02.mdb"],
        "app:/Weapon/e_throw_decoyscreen01.cas",
        {
          "$SGOTT_EMBED": true,
          "format": "hex",
          "data": "4d4142000f000000830000000400030001005a002400000064000000e00000004802000000000000200000000100010018000000020000003000000003000000280000004802000004020000000000009c000000cdcccc3dffffffff00000000ac0000003000000070000000fe010000020000004000000060000000fe010000010000004000000050000000ce01000001000000c80100000000000000000000c8000000b8010000000020410000000054010000a80100000000000000000000f40000009801000000000000000000004c000000babababababababababababa000000003333733f000000000000803f53474f000201000000000000200000000000000020000000000000002000000053474f00020100000100000020000000010000002c000000000000003400000003000000050000001e00000008000000000000006e0061006d0065000000c730b330a4303478ca580000000053474f00020100000100000020000000010000002c000000000000003400000003000000050000001e00000008000000000000006e0061006d0065000000c730b330a4308b954f300000000053474f00020100000100000020000000010000002c000000000000003400000003000000070000001e00000008000000000000006e0061006d0065000000c730b330a43086308930863089300000000053474f00020100000100000020000000010000002c000000000000003400000003000000080000001e00000008000000000000006e0061006d0065000000c730b330a430778d4d300a4e4c308a30000062006f00640079000000680069006400650000007300650000007300740061006e0064006200790000007300740061006e006400620079005f006c006f006f0070000000bf30fc30b230c330c830000000000000000000000000"
        }
      ],
      [
        "app:/weapon/e_throw_decoyscreen01.shkt",
        {
          "$SGOTT_EMBED": true,
          "format": "hex",
          "data": "4453474f10000000250000001000000050020000000000000300000000000000680200000000000003000000000000007002000000000000030000000000000080020000000000000300000000000000f0030000000000000100000000000000160400000000000001000000000000006802000000000000030000000000000000000000000000000000000000000000000000000000000000000000000000000000000000000000000000000000000048020000000000000300000000000000000000000000000000000000000000000000000000000000000000000000000000000000000000000000000000000000000000000000f03f000000000000000018020000000000000300000000000000000000000000f03f0000000000000000000000000000f03f0000000000000000000000000000f03f0000000000000000f8010000000000000300000000000000000200000000000003000000000000001002000000000000030000000000000006030000000000000100000000000000c0020000000000000100000000000000f8010000000000000300000000000000000000000000000000000000000000000000000000000000000000000000000000000000000000000000000000000000d8010000000000000300000000000000000000000000000000000000000000000000000000000000000000000000000000000000000000000000000000000000000000000000f03f0000000000000000a8010000000000000300000000000000000000000000f03f0000000000000000000000000000f03f0000000000000000000000000000f03f00000000000000001800000002000000100000000200000001000000130000009a0100000000000064010000010000000000000000000000100000000100000002000000000000000000000000000000100000000400000003000000060000000a0000000f0000000000000000000000100000000200000004000000050000000000000000000000100000000300000007000000080000000900000000000000000000000000000010000000040000000b0000000c0000000d0000000e00000000000000000000001000000003000000100000001100000012000000000000000000000000000000100000000100000014000000000000000000000000000000100000000400000015000000180000001c0000002100000000000000000000001000000002000000160000001700000000000000000000001000000003000000190000001a0000001b00000000000000000000000000000010000000040000001d0000001e0000001f000000200000000000000000000000100000000300000022000000230000002400000072006100670064006f006c006c005f00660072006f006d005f0061006e0069006d006100740069006f006e00000061006e0069006d006100740069006f006e005f00660072006f006d005f0072006100670064006f006c006c00000065005f007400680072006f0077005f006400650063006f007900730063007200650065006e00300031002e0062006f0064007900000062006f00640079000000"
        }
      ]
    ],
    "Ammo_EquipVoice": null,
    "AmmoHitSe": null,
    "MuzzleFlash": "",
    "MuzzleFlash_CustomParameter": null,
    "ShellCase": ["", "", 0],
    "ShellCase_CustomParameter": null,
    "ExtPrams": [1],
    "resource": [
      "app:/Weapon/e_throw_decoyscreen02.rab",
      "app:/Weapon/e_throw_decoyscreen01.cas",
      "app:/weapon/e_throw_decoyscreen01.shkt"
    ]
  },