{
  "format": "DSGO",
  "endian": "LE",
  "data": {
    "xgs_scene_object_class": "Weapon_Sub",
    "custom_parameter": {
      "animation": "throwL_robot_swing",
      "whole_body": 0,
      "animation_speed": 1,
      "is_manual_reload": 1
    },
    "use_underground": 1,
    "FireCondition": 0,
    "name.ja": "スピードスター",
    "name.en": "Speed Star",
    "name.cn": "急速之星",
    "name.kr": "스피드 스타",
    "name.sc": "急速之星",
    "WeaponIcon": "app:/weapon/icon/roomba.dds",
    "animation_model": [
      ["app:/Weapon/e_throw_roomba2.rab", "e_throw_roomba2.mdb"],
      "app:/Weapon/e_throw_roomba.cas",
      {
        "$SGOTT_EMBED": true,
        "format": "hex",
        "data": "4d4142000f000000830000000300020002002a00240000005c00000080000000c0000000000001001800000001000000300000000200000028000000840000008a00000002000000440000005400000044000000000000006400000020000000200000007e0000000000000010000000100000006400000000000000babababa0000000000000000000000000000803f0000a0400000a0400000a0400000803f53474f000201000000000000200000000000000020000000000000002000000030003100000062006f00640079000000680069006400650000007300740061006e006400620079000000"
      }
    ],
    "ModelConstraint": ["arms_l"],
    "BaseAnimation": "throw",
    "AimAnimation": "aim_no_ik",
    "ChangeAnimation": "throw_change1",
    "ReloadAnimation": "throw_reload1",
    "AmmoCount": [8, 0, 0, 7, 0.5, 0.5, 0],
    "EnergyChargeRequire": [-1, -1],
    "ReloadType": 1,
    "ReloadInit": 1,
    "ReloadTime": [240, 21, 1, 8, 1, 0.5, 0],
    "AngleAdjust": 0,
    "LockonType": 0,
    "LockonTargetType": 0,
    "Lockon_DistributionType": 1,
    "Lockon_FireEndToClear": 0,
    "Lockon_AutoTimeOut": 0,
    "LockonRange": 350,
    "LockonAngle": [0.10000000149011612, 0.10000000149011612],
    "LockonTime": 4,
    "LockonFailedTime": 0,
    "LockonHoldTime": 1,
    "FireType": 0,
    "FireSpreadType": 0,
    "FireSpreadWidth": 0,
    "FireCount": 1,
    "FireInterval": 20,
    "FireBurstCount": 1,
    "FireBurstInterval": 0,
    "FireAccuracy": 0,
    "FireRecoil": 0,
    "FireVector": null,
    "FireSe": [0, "weapon_Ranger_GL_throwHeavyNoEquip", 1, 1, 2, 20],
    "FireLoadSe": null,
    "ShellCaseDischargeSe": null,
    "SecondaryFire_Type": 0,
    "SecondaryFire_Parameter": [4],
    "AmmoClass": "BombBullet01",
    "AmmoModel": "app:/WEAPON/e_throw_roomba2.rab",
    "AmmoSpeed": 1,
    "AmmoOwnerMove": 0,
    "AmmoGravityFactor": 1,
    "AmmoAlive": 2400,
    "AmmoDamage": 0,
    "AmmoDamageReduce": [1, 1],
    "AmmoExplosion": 3,
    "AmmoIsPenetration": 0,
    "AmmoSize": 3,
    "AmmoHitSizeAdjust": 1,
    "AmmoHitImpulseAdjust": 1,
    "AmmoColor": [1, 0, 0, 0.5],
    "Ammo_CustomParameter": [
      1,
      0,
      -0.009999999776482582,
      60,
      8,
      [0, 0.10000000149011612, 0.20000000298023224],
      0,
      null,
      ["ルン爆弾ＧＯ重い", "武器起動可能", 0, "ルン爆弾反射重い"]
    ],
    "Ammo_EquipVoice": null,
    "AmmoHitSe": [
      0,
      "common_damages_explodeFrechette_S",
      0.7943000197410583,
      1,
      1,
      150
    ],
    "MuzzleFlash": "",
    "MuzzleFlash_CustomParameter": null,
    "ShellCase": ["", "", 0],
    "ShellCase_CustomParameter": null,
    "ExtPrams": [1],
    "resource": ["app:/WEAPON/e_throw_roomba2.rab"]
  },
  "strings": [
    "AmmoExplosion",
    "LockonTargetType",
    "BaseAnimation",
    "AmmoColor",
    "LockonAngle",
    "AimAnimation",
    "WeaponIcon",
    "Lockon_AutoTimeOut",
    "ReloadType",
    "MuzzleFlash",
    "AmmoAlive",
    "FireVector",
    "FireType",
    "AmmoClass",
    "AmmoDamageReduce",
    "AmmoDamage",
    "AmmoGravityFactor",
    "AmmoCount",
    "SecondaryFire_Type",
    "AmmoHitImpulseAdjust",
    "BombBullet01",
    "AmmoHitSe",
    "AmmoHitSizeAdjust",
    "AmmoIsPenetration",
    "is_manual_reload",
    "AmmoModel",
    "AmmoOwnerMove",
    "FireCondition",
    "AmmoSize",
    "AmmoSpeed",
    "ReloadInit",
    "Ammo_CustomParameter",
    "LockonTime",
    "weapon_Ranger_GL_throwHeavyNoEquip",
    "Ammo_EquipVoice",
    "AngleAdjust",
    "name.cn",
    "SecondaryFire_Parameter",
    "LockonFailedTime",
    "ChangeAnimation",
    "FireAccuracy",
    "武器起動可能",
    "EnergyChargeRequire",
    "ReloadTime",
    "ExtPrams",
    "FireBurstCount",
    "LockonRange",
    "FireBurstInterval",
    "FireCount",
    "FireInterval",
    "FireLoadSe",
    "FireRecoil",
    "FireSe",
    "FireSpreadType",
    "FireSpreadWidth",
    "LockonHoldTime",
    "LockonType",
    "ShellCase_CustomParameter",
    "Lockon_DistributionType",
    "Lockon_FireEndToClear",
    "name.en",
    "ModelConstraint",
    "MuzzleFlash_CustomParameter",
    "ReloadAnimation",
    "ShellCase",
    "ShellCaseDischargeSe",
    "throw",
    "animation_model",
    "custom_parameter",
    "name.ja",
    "name.kr",
    "name.sc",
    "resource",
    "use_underground",
    "arms_l",
    "xgs_scene_object_class",
    "Weapon_Sub",
    "aim_no_ik",
    "animation",
    "animation_speed",
    "whole_body",
    "throwL_robot_swing",
    "スピードスター",
    "Speed Star",
    "急速之星",
    "스피드 스타",
    "app:/weapon/icon/roomba.dds",
    "app:/Weapon/e_throw_roomba2.rab",
    "e_throw_roomba2.mdb",
    "app:/Weapon/e_throw_roomba.cas",
    "throw_change1",
    "throw_reload1",
    "app:/WEAPON/e_throw_roomba2.rab",
    "ルン爆弾ＧＯ重い",
    "ルン爆弾反射重い",
    "common_damages_explodeFrechette_S",
    ""
  ]
}