{
  "format": "DSGO",
  "endian": "LE",
  "data": {
    "xgs_scene_object_class": "Weapon_Sub",
    "custom_parameter": {
      "animation": "throwL_robot_swing",
      "whole_body": 0,
      "animation_speed": 1,
      "is_manual_reload": 1,
      "is_auto_lockon": 1
    },
    "use_underground": 1,
    "FireCondition": 0,
    "name.ja": "Ｄ型ロボットボム",
    "name.en": "Type D Robot Bomb",
    "name.cn": "Ｄ型機器人炸彈",
    "name.kr": "D형 로봇 봄",
    "name.sc": "Ｄ型机器人炸弹",
    "WeaponIcon": "app:/weapon/icon/roomba.dds",
    "animation_model": [
      ["app:/Weapon/e_throw_roomba.rab", "e_throw_roomba.mdb"],
      "app:/Weapon/e_throw_roomba.cas",
      {
        "$SGOTT_EMBED": true,
        "format": "hex",
        "data": "4d4142000f000000830000000300020002003e00240000005c00000080000000c0000000000001001800000001000000300000000200000028000000840000008a0000000200000044000000540000004400000000000000640000002000000020000000920000000000000010000000100000007800000000000000babababa0000000000000000000000000000803f0000a0400000a0400000a0400000803f53474f000201000000000000200000000000000020000000000000002000000030003100000065005f007400680072006f0077005f0072006f006f006d00620061000000680069006400650000007300740061006e006400620079000000"
      }
    ],
    "ModelConstraint": ["arms_l"],
    "BaseAnimation": "throw",
    "AimAnimation": "aim_no_ik",
    "ChangeAnimation": "throw_change1",
    "ReloadAnimation": "throw_reload1",
    "AmmoCount": 1,
    "EnergyChargeRequire": [-1, -1],
    "ReloadType": 1,
    "ReloadInit": 1,
    "ReloadTime": [440, 21, 2, 8, 1, 0.5, 0],
    "AngleAdjust": 0,
    "LockonType": 5,
    "LockonTargetType": 0,
    "Lockon_DistributionType": 1,
    "Lockon_FireEndToClear": 0,
    "Lockon_AutoTimeOut": 0,
    "LockonRange": 200,
    "LockonAngle": [0.10000000149011612, 0.10000000149011612],
    "LockonTime": 4,
    "LockonFailedTime": 0,
    "LockonHoldTime": 1,
    "FireType": 0,
    "FireSpreadType": 2,
    "FireSpreadWidth": 0.699999988079071,
    "FireCount": [6, 4, 0, 7, 0.5, 0.5, 0],
    "FireInterval": 20,
    "FireBurstCount": 1,
    "FireBurstInterval": 0,
    "FireAccuracy": 0,
    "FireRecoil": 0,
    "FireVector": null,
    "FireSe": [0, "weapon_Ranger_GL_throwHeavyNoEquip", 1, 1, 2, 20],
    "FireLoadSe": null,
    "ShellCaseDischargeSe": null,
    "SecondaryFire_Type": 0,
    "SecondaryFire_Parameter": [0],
    "AmmoClass": "BombBullet01",
    "AmmoModel": "app:/WEAPON/e_throw_roomba.rab",
    "AmmoSpeed": 0.25,
    "AmmoOwnerMove": 0,
    "AmmoGravityFactor": 1,
    "AmmoAlive": 2400,
    "AmmoDamage": [380, 8, 1, 8, 0.5, 0.5, 1],
    "AmmoDamageReduce": [1, 1],
    "AmmoExplosion": [6, 32, 3, 8, 0.5, 0.5, 1],
    "AmmoIsPenetration": 0,
    "AmmoSize": 1.5,
    "AmmoHitSizeAdjust": 1,
    "AmmoHitImpulseAdjust": 1,
    "AmmoColor": [1, 0, 0, 0.5],
    "Ammo_CustomParameter": {
      "null": 3,
      "undefined": ["ルン爆弾ＧＯ", "武器起動可能", 0, "ルン爆弾反射"],
      "speed_adjust": [0.800000011920929, 1.100000023841858]
    },
    "Ammo_EquipVoice": null,
    "AmmoHitSe": [0, "common_damages_explode_S", 1, 1, 1, 200],
    "MuzzleFlash": "",
    "MuzzleFlash_CustomParameter": null,
    "ShellCase": ["", "", 0],
    "ShellCase_CustomParameter": null,
    "ExtPrams": [1],
    "resource": ["app:/WEAPON/e_throw_roomba.rab"]
  },
  "strings": [
    "AmmoExplosion",
    "LockonTargetType",
    "BaseAnimation",
    "AmmoColor",
    "LockonAngle",
    "AimAnimation",
    "WeaponIcon",
    "app:/Weapon/e_throw_roomba.rab",
    "Lockon_AutoTimeOut",
    "ReloadType",
    "MuzzleFlash",
    "AmmoAlive",
    "FireVector",
    "FireType",
    "AmmoClass",
    "AmmoDamageReduce",
    "AmmoDamage",
    "AmmoGravityFactor",
    "AmmoCount",
    "SecondaryFire_Type",
    "AmmoHitImpulseAdjust",
    "BombBullet01",
    "AmmoHitSe",
    "AmmoHitSizeAdjust",
    "AmmoIsPenetration",
    "is_manual_reload",
    "AmmoModel",
    "AmmoOwnerMove",
    "FireCondition",
    "AmmoSize",
    "AmmoSpeed",
    "ReloadInit",
    "Ammo_CustomParameter",
    "LockonTime",
    "weapon_Ranger_GL_throwHeavyNoEquip",
    "Ammo_EquipVoice",
    "AngleAdjust",
    "name.cn",
    "SecondaryFire_Parameter",
    "LockonFailedTime",
    "ChangeAnimation",
    "FireAccuracy",
    "武器起動可能",
    "EnergyChargeRequire",
    "ReloadTime",
    "ExtPrams",
    "FireBurstCount",
    "LockonRange",
    "FireBurstInterval",
    "FireCount",
    "FireInterval",
    "FireLoadSe",
    "FireRecoil",
    "FireSe",
    "FireSpreadType",
    "FireSpreadWidth",
    "LockonHoldTime",
    "LockonType",
    "ShellCase_CustomParameter",
    "Lockon_DistributionType",
    "Lockon_FireEndToClear",
    "name.en",
    "ModelConstraint",
    "MuzzleFlash_CustomParameter",
    "ReloadAnimation",
    "ShellCase",
    "ShellCaseDischargeSe",
    "throw",
    "animation_model",
    "custom_parameter",
    "name.ja",
    "name.kr",
    "name.sc",
    "resource",
    "use_underground",
    "arms_l",
    "xgs_scene_object_class",
    "Ｄ型機器人炸彈",
    "Weapon_Sub",
    "aim_no_ik",
    "animation",
    "animation_speed",
    "is_auto_lockon",
    "whole_body",
    "throwL_robot_swing",
    "Ｄ型ロボットボム",
    "Type D Robot Bomb",
    "D형 로봇 봄",
    "Ｄ型机器人炸弹",
    "app:/weapon/icon/roomba.dds",
    "e_throw_roomba.mdb",
    "app:/Weapon/e_throw_roomba.cas",
    "throw_change1",
    "throw_reload1",
    "app:/WEAPON/e_throw_roomba.rab",
    "speed_adjust",
    "ルン爆弾ＧＯ",
    "ルン爆弾反射",
    "common_damages_explode_S",
    ""
  ]
}