{
  "format": "DSGO",
  "endian": "LE",
  "data": {
    "xgs_scene_object_class": "Weapon_Throw",
    "custom_parameter": ["throw_charge", "throw_swing", 0, 1],
    "use_underground": 0,
    "FireCondition": 0,
    "name.ja": "Ｂ１迫撃砲",
    "name.en": "B1 Mortar",
    "name.cn": "Ｂ１迫擊砲",
    "name.kr": "B1 박격포",
    "name.sc": "Ｂ１迫击炮",
    "WeaponIcon": "app:/weapon/icon/throw_marker.dds",
    "animation_model": [
      ["app:/Weapon/e_throw_marker03.rab", "e_throw_marker03.mdb"],
      "app:/Weapon/e_throw_marker01.cas",
      {
        "$SGOTT_EMBED": true,
        "format": "hex",
        "data": "4d4142000f000000830000000300020002002a00240000005c00000080000000c0000000000001001800000001000000300000000200000028000000840000008a00000002000000440000005400000044000000000000006400000020000000200000007e0000000000000010000000100000006400000000000000babababa0000000000000000000000000000803f0000a0400000a0400000a0400000803f53474f000201000000000000200000000000000020000000000000002000000030003100000062006f00640079000000680069006400650000007300740061006e006400620079000000"
      }
    ],
    "ModelConstraint": ["arms_r"],
    "BaseAnimation": "throw",
    "AimAnimation": "aim_no_ik",
    "ChangeAnimation": "throw_change1",
    "ReloadAnimation": "throw_reload1",
    "AmmoCount": 1,
    "EnergyChargeRequire": [-1, -1],
    "ReloadType": 2,
    "ReloadInit": 1,
    "ReloadTime": [550, 21, 1, 10, 1, 0.6000000238418579, 0],
    "AngleAdjust": 0,
    "LockonType": 0,
    "LockonTargetType": 0,
    "Lockon_DistributionType": 0,
    "Lockon_FireEndToClear": 1,
    "Lockon_AutoTimeOut": 1,
    "LockonRange": 0,
    "LockonAngle": [0.30000001192092896, 0.30000001192092896],
    "LockonTime": 0,
    "LockonFailedTime": 0,
    "LockonHoldTime": 0,
    "FireType": 0,
    "FireSpreadType": 0,
    "FireSpreadWidth": 0,
    "FireCount": 1,
    "FireInterval": 120,
    "FireBurstCount": 1,
    "FireBurstInterval": 0,
    "FireAccuracy": 0,
    "FireRecoil": 0,
    "FireVector": [0, 0.5, 1.100000023841858],
    "FireSe": [0, "weapon_Engineer_Kuubaku_throw", 1, 1, 2, 20],
    "FireLoadSe": null,
    "ShellCaseDischargeSe": null,
    "SecondaryFire_Type": 0,
    "SecondaryFire_Parameter": [0],
    "AmmoClass": "SmokeCandleBullet01",
    "AmmoModel": "app:/WEAPON/e_throw_marker03.rab",
    "AmmoSpeed": 1.2000000476837158,
    "AmmoOwnerMove": 1,
    "AmmoGravityFactor": 1,
    "AmmoAlive": 1800,
    "AmmoDamage": [850, 8, 0, 10, 0.5, 0.5, 1],
    "AmmoDamageReduce": [1, 1],
    "AmmoExplosion": 35,
    "AmmoIsPenetration": 0,
    "AmmoSize": 1,
    "AmmoHitSizeAdjust": 1,
    "AmmoHitImpulseAdjust": 1,
    "AmmoColor": [1, 0, 0, 0.5],
    "Ammo_CustomParameter": [
      0.05000000074505806,
      120,
      240,
      0,
      [
        [0.5, 0.5],
        [800, 0],
        11,
        15,
        "RocketBullet01",
        4,
        12,
        6,
        1,
        12,
        600,
        0,
        [0.800000011920929, 0.5, 0.20000000298023224, 1],
        [1, 40, 300, 0],
        0,
        180,
        0,
        [0, "weapon_KUBAKU_Ryudan_shot", 0.5, 1, 100, 600],
        [0, "common_damages_kuubaku_Ryudan", 1, 1, 3, 200]
      ],
      ["砲兵目標確認", "砲兵発射迫撃砲", "砲兵攻撃後"]
    ],
    "Ammo_EquipVoice": ["砲兵出撃直後", "砲兵支援不能"],
    "AmmoHitSe": [0, "weapon_Engineer_KUUBAKU_smoke", 0.5, 1, 1, 20],
    "MuzzleFlash": "",
    "MuzzleFlash_CustomParameter": null,
    "ShellCase": ["", "", 0],
    "ShellCase_CustomParameter": null,
    "ExtPrams": [1],
    "resource": ["app:/WEAPON/e_throw_marker03.rab"]
  },
  "strings": [
    "AmmoExplosion",
    "LockonTargetType",
    "BaseAnimation",
    "AmmoColor",
    "砲兵発射迫撃砲",
    "LockonAngle",
    "Weapon_Throw",
    "AimAnimation",
    "WeaponIcon",
    "Ｂ１迫擊砲",
    "Lockon_AutoTimeOut",
    "ReloadType",
    "MuzzleFlash",
    "AmmoAlive",
    "FireVector",
    "FireType",
    "AmmoClass",
    "AmmoDamageReduce",
    "weapon_Engineer_KUUBAKU_smoke",
    "AmmoDamage",
    "AmmoGravityFactor",
    "AmmoCount",
    "SecondaryFire_Type",
    "AmmoHitImpulseAdjust",
    "AmmoHitSe",
    "AmmoHitSizeAdjust",
    "AmmoIsPenetration",
    "AmmoModel",
    "AmmoOwnerMove",
    "FireCondition",
    "AmmoSize",
    "AmmoSpeed",
    "ReloadInit",
    "Ammo_CustomParameter",
    "LockonTime",
    "Ammo_EquipVoice",
    "AngleAdjust",
    "name.cn",
    "SecondaryFire_Parameter",
    "LockonFailedTime",
    "ChangeAnimation",
    "FireAccuracy",
    "EnergyChargeRequire",
    "B1 Mortar",
    "ReloadTime",
    "app:/Weapon/e_throw_marker03.rab",
    "ExtPrams",
    "FireBurstCount",
    "LockonRange",
    "FireBurstInterval",
    "FireCount",
    "FireInterval",
    "FireLoadSe",
    "FireRecoil",
    "FireSe",
    "FireSpreadType",
    "FireSpreadWidth",
    "LockonHoldTime",
    "砲兵攻撃後",
    "LockonType",
    "ShellCase_CustomParameter",
    "Lockon_DistributionType",
    "Lockon_FireEndToClear",
    "name.en",
    "ModelConstraint",
    "MuzzleFlash_CustomParameter",
    "ReloadAnimation",
    "ShellCase",
    "ShellCaseDischargeSe",
    "throw",
    "animation_model",
    "custom_parameter",
    "name.ja",
    "name.kr",
    "name.sc",
    "resource",
    "use_underground",
    "xgs_scene_object_class",
    "throw_charge",
    "throw_swing",
    "Ｂ１迫撃砲",
    "B1 박격포",
    "weapon_KUBAKU_Ryudan_shot",
    "Ｂ１迫击炮",
    "app:/weapon/icon/throw_marker.dds",
    "e_throw_marker03.mdb",
    "app:/Weapon/e_throw_marker01.cas",
    "arms_r",
    "aim_no_ik",
    "throw_change1",
    "throw_reload1",
    "weapon_Engineer_Kuubaku_throw",
    "SmokeCandleBullet01",
    "app:/WEAPON/e_throw_marker03.rab",
    "RocketBullet01",
    "common_damages_kuubaku_Ryudan",
    "砲兵目標確認",
    "砲兵出撃直後",
    "砲兵支援不能",
    ""
  ]
}