{
  "format": "DSGO",
  "endian": "LE",
  "data": {
    "xgs_scene_object_class": "Weapon_SubDrone",
    "custom_parameter": {
      "animation": "throwL_drone_recoil",
      "whole_body": 0,
      "animation_speed": 1,
      "is_manual_reload": 0,
      "drone": {
        "object": "app:/object/pd606_Drone_beam.sgo",
        "formation": [{"offset": [2, 3, 3]}, {"offset": [-2, 3, 3]}],
        "equipment": 1,
        "equipment_ex": {"is_ignore_friend": 1},
        "aim_target": 1,
        "color": {
          "color1": [1, 0.11999999731779099, 0],
          "color2": [1, 0.6299999952316284, 0.41999998688697815]
        }
      },
      "order": {
        "type": 0,
        "offset": [0, 0, 0],
        "radius": 0,
        "delay": {"min": 45, "max": 75},
        "trigger": 0
      }
    },
    "use_underground": 1,
    "FireCondition": 0,
    "name.ja": "射撃･カプセル Ｐ",
    "name.en": "Shooter Capsule P",
    "name.cn": "射擊‧膠囊Ｐ",
    "name.kr": "사격 캡슐 P",
    "name.sc": "射击·胶囊Ｐ",
    "WeaponIcon": "app:/weapon/icon/drone_laser.dds",
    "animation_model": [
      ["app:/Weapon/e_throw_transceiver.rab", "e_throw_transceiver.mdb"],
      "app:/Weapon/e_throw_transceiver.cas",
      {
        "$SGOTT_EMBED": true,
        "format": "hex",
        "data": "4d4142000f000000830000000300020002004800240000005c00000080000000c0000000000001001800000001000000300000000200000028000000840000008a00000002000000440000005400000044000000000000006400000020000000200000009c0000000000000010000000100000008200000000000000babababa0000000000000000000000000000803f0000a0400000a0400000a0400000803f53474f000201000000000000200000000000000020000000000000002000000030003100000065005f007400680072006f0077005f007400720061006e0073006300650069007600650072000000680069006400650000007300740061006e006400620079000000"
      }
    ],
    "ModelConstraint": ["arms_r"],
    "BaseAnimation": "throw",
    "AimAnimation": "aim_no_ik",
    "ChangeAnimation": "throw_change1",
    "ReloadAnimation": "throw_reload1",
    "AmmoCount": [50, 0, 0, 7, 0.5, 0.5, 0],
    "EnergyChargeRequire": [-1, -1],
    "ReloadType": 1,
    "ReloadInit": 1,
    "ReloadTime": [1200, 21, 3, 8, 1, 0.5, 0],
    "AngleAdjust": 0,
    "LockonType": 0,
    "LockonTargetType": 0,
    "Lockon_DistributionType": 0,
    "Lockon_FireEndToClear": 1,
    "Lockon_AutoTimeOut": 1,
    "LockonRange": 0,
    "LockonAngle": [0.30000001192092896, 0.30000001192092896],
    "LockonTime": 0,
    "LockonFailedTime": 0,
    "LockonHoldTime": 0,
    "FireType": 0,
    "FireSpreadType": 0,
    "FireSpreadWidth": 0,
    "FireCount": 1,
    "FireInterval": [3, 25, 4, 3, 0.5, 0.5, 0],
    "FireBurstCount": 1,
    "FireBurstInterval": 0,
    "FireAccuracy": 0.20000000298023224,
    "FireRecoil": 0,
    "FireVector": null,
    "FireSe": [0, "weapon_AR_ShootingCapsule_P", 0.8999999761581421, 1, 1, 20],
    "FireLoadSe": null,
    "ShellCaseDischargeSe": null,
    "SecondaryFire_Type": 0,
    "SecondaryFire_Parameter": [0],
    "AmmoClass": "PulseBullet01",
    "AmmoModel": 0,
    "AmmoSpeed": [4, 16, 2, 8, 0.5, 0.5, 1],
    "AmmoOwnerMove": 3,
    "AmmoGravityFactor": 0,
    "AmmoAlive": 50,
    "AmmoDamage": [40, 8, 1, 8, 0.5, 0.5, 1],
    "AmmoDamageReduce": [1, 1],
    "AmmoExplosion": 3.5,
    "AmmoIsPenetration": 0,
    "AmmoSize": 0.20000000298023224,
    "AmmoHitSizeAdjust": 1,
    "AmmoHitImpulseAdjust": 1,
    "AmmoColor": [
      0.18000000715255737,
      0.23999999463558197,
      0.36000001430511475,
      0.5
    ],
    "Ammo_CustomParameter": [0, [1, 1, 1, 1], [4, 4, 4, 4], 3, 5, 3, 30],
    "Ammo_EquipVoice": null,
    "AmmoHitSe": [
      0,
      "common_damages_impactWD_PsyCluster",
      0.44999998807907104,
      1,
      1,
      25
    ],
    "MuzzleFlash": "",
    "MuzzleFlash_CustomParameter": {
      "efarc": "app:/weapon/effect/engineer_drone.efarc",
      "esb": "fire01.esb",
      "color": [1, 1, 1, 1],
      "scale": 0.30000001192092896,
      "is_loop": 0
    },
    "ShellCase": ["", "", 0],
    "ShellCase_CustomParameter": null,
    "ExtPrams": [1],
    "resource": [
      "app:/object/pd606_Drone_beam.sgo",
      "app:/weapon/effect/engineer_drone.efarc"
    ]
  },
  "strings": [
    "AmmoExplosion",
    "LockonTargetType",
    "BaseAnimation",
    "AmmoColor",
    "LockonAngle",
    "AimAnimation",
    "WeaponIcon",
    "Lockon_AutoTimeOut",
    "ReloadType",
    "app:/Weapon/e_throw_transceiver.cas",
    "MuzzleFlash",
    "AmmoAlive",
    "FireVector",
    "FireType",
    "AmmoClass",
    "AmmoDamageReduce",
    "AmmoDamage",
    "AmmoGravityFactor",
    "AmmoCount",
    "SecondaryFire_Type",
    "AmmoHitImpulseAdjust",
    "AmmoHitSe",
    "AmmoHitSizeAdjust",
    "AmmoIsPenetration",
    "is_manual_reload",
    "AmmoModel",
    "AmmoOwnerMove",
    "aim_target",
    "FireCondition",
    "AmmoSize",
    "AmmoSpeed",
    "ReloadInit",
    "Ammo_CustomParameter",
    "LockonTime",
    "Ammo_EquipVoice",
    "AngleAdjust",
    "name.cn",
    "SecondaryFire_Parameter",
    "LockonFailedTime",
    "ChangeAnimation",
    "delay",
    "FireAccuracy",
    "EnergyChargeRequire",
    "ReloadTime",
    "ExtPrams",
    "FireBurstCount",
    "offset",
    "LockonRange",
    "FireBurstInterval",
    "FireCount",
    "FireInterval",
    "FireLoadSe",
    "FireRecoil",
    "FireSe",
    "FireSpreadType",
    "FireSpreadWidth",
    "LockonHoldTime",
    "LockonType",
    "ShellCase_CustomParameter",
    "Lockon_DistributionType",
    "Lockon_FireEndToClear",
    "name.en",
    "ModelConstraint",
    "MuzzleFlash_CustomParameter",
    "ReloadAnimation",
    "ShellCase",
    "ShellCaseDischargeSe",
    "throw",
    "animation_model",
    "custom_parameter",
    "name.ja",
    "name.kr",
    "name.sc",
    "resource",
    "use_underground",
    "xgs_scene_object_class",
    "Weapon_SubDrone",
    "aim_no_ik",
    "animation",
    "animation_speed",
    "drone",
    "order",
    "whole_body",
    "throwL_drone_recoil",
    "color",
    "equipment",
    "equipment_ex",
    "formation",
    "object",
    "app:/object/pd606_Drone_beam.sgo",
    "is_ignore_friend",
    "color1",
    "color2",
    "radius",
    "trigger",
    "type",
    "max",
    "min",
    "射撃･カプセル Ｐ",
    "Shooter Capsule P",
    "射擊‧膠囊Ｐ",
    "사격 캡슐 P",
    "射击·胶囊Ｐ",
    "app:/weapon/icon/drone_laser.dds",
    "app:/Weapon/e_throw_transceiver.rab",
    "e_throw_transceiver.mdb",
    "arms_r",
    "throw_change1",
    "throw_reload1",
    "weapon_AR_ShootingCapsule_P",
    "PulseBullet01",
    "common_damages_impactWD_PsyCluster",
    "",
    "efarc",
    "esb",
    "is_loop",
    "scale",
    "app:/weapon/effect/engineer_drone.efarc",
    "fire01.esb"
  ]
}