{
  "format": "DSGO",
  "endian": "LE",
  "data": {
    "xgs_scene_object_class": "Weapon_Drone_LaserMarker",
    "custom_parameter": {
      "range": 400,
      "drone": {
        "object": "app:/object/pd606_Drone_beam.sgo",
        "formation": [{"offset": [1, 2, 1]}],
        "movement": {
          "linear": {
            "max": 20,
            "accele": 0.10000000149011612,
            "lerp": 0.05000000074505806
          },
          "angular": {"ratio": 0.009999999776482582, "mix": 0.949999988079071}
        },
        "aim": {
          "speed": 0.009999999776482582,
          "x_limit": {"min": 1.2566370964050293, "max": 1.5707963705062866}
        },
        "equipment": 1,
        "equipment_ex": {"custom_range": 20, "charge_time": 30},
        "aim_target": 4,
        "color": {
          "color1": [0.4699999988079071, 0.4099999964237213, 0],
          "color2": [0.7099999785423279, 0.44999998807907104, 0]
        }
      },
      "order": {
        "type": 2,
        "trigger": 1,
        "delay_offset": [0, 5, 10],
        "offset": [0, 2, -0.5],
        "delay": {"min": 60, "max": 60},
        "radius": 0,
        "is_end_to_suicide": 1
      },
      "se": {"fire": "ドローンレーザーマーカー照射"}
    },
    "use_underground": 1,
    "FireCondition": 0,
    "name.ja": "エレクトロン コプターＭ３〔放電〕",
    "name.en": "Electron Copter M3 (Shock)",
    "name.cn": "電子直升機Ｍ３〔放電〕",
    "name.kr": "일렉트론 콥터 M3〔방전〕",
    "name.sc": "电子直升机Ｍ３〔放电〕",
    "WeaponIcon": "app:/weapon/icon/drone_laser.dds",
    "animation_model": [
      [
        "app:/Weapon/e_targetmarker_normal01.rab",
        "e_targetmarker_normal01.mdb"
      ],
      "app:/Weapon/e_targetmarker_normal01.cas",
      {
        "$SGOTT_EMBED": true,
        "format": "hex",
        "data": "4d4142000f000000830000000300040006007400240000007c000000f000000074020000000001001800000001000100300000000200000048000000380200004402000002000000c4000000d4000000b400000000000000140100001e0200002402000002000000d4000000c4000000e400000000000000f400000040000000700000005c0200000000000030000000600000002c02000001000000300000005000000004020000010000003000000040000000de0100000100000016020000000000000000000060010000060200000000000000000000a4000000f60100000000000000000000e8000000babababa0000000000000000000000000000803f00000000355eba3dc520303e0000803f0ad7a33c0ad7a33c0ad7a33c0000803fcdcc4c3dcdcc4c3dcdcc4c3d0000803fde55af3d4ce397bd2ac88fbd0000803fa5915bbd320288bf945305400000803f53474f000201000000000000200000000000000020000000000000002000000053474f00020100000100000020000000010000002c000000000000003400000003000000090000001e00000008000000000000006e0061006d006500000025ff2effea30ed30fc30c930d330fc30d7300000000053474f00020100000100000020000000010000002c0000000000000034000000030000000b0000001e00000008000000000000006e0061006d0065000000bf30fc30b230c330c830de30fc30ab30fc30555c8b950000000053474f00020100000100000020000000010000002c0000000000000034000000030000000c0000001e00000008000000000000006e0061006d0065000000bf30fc30b230c330c830de30fc30ab30fc30899558308b30000030003100000049004b00000062006f00640079000000720065006c006f00610064005f0065006e0064000000720065006c006f00610064005f006c006f006f0070000000720065006c006f00610064005f007300740061007200740000007300650000007300740061006e006400620079000000"
      }
    ],
    "ModelConstraint": ["arms_r"],
    "BaseAnimation": "hand",
    "AimAnimation": "aim",
    "ChangeAnimation": "hand_change1",
    "ReloadAnimation": "hand_reload1",
    "AmmoCount": [360, 0, 0, 7, 0.5, 0.5, 0],
    "EnergyChargeRequire": [-1, -1],
    "ReloadType": 1,
    "ReloadInit": 1,
    "ReloadTime": [1200, 21, 2, 8, 1, 0.5, 0],
    "AngleAdjust": 0,
    "LockonType": 0,
    "LockonTargetType": 0,
    "Lockon_DistributionType": 0,
    "Lockon_FireEndToClear": 1,
    "Lockon_AutoTimeOut": 1,
    "LockonRange": 0,
    "LockonAngle": [0.30000001192092896, 0.30000001192092896],
    "LockonTime": 0,
    "LockonFailedTime": 0,
    "LockonHoldTime": 0,
    "FireType": 0,
    "FireSpreadType": 0,
    "FireSpreadWidth": 0,
    "FireCount": 1,
    "FireInterval": 4,
    "FireBurstCount": 1,
    "FireBurstInterval": 0,
    "FireAccuracy": 0,
    "FireRecoil": 0,
    "FireVector": null,
    "FireSe": [1, "weapon_AR_droneSatellite_Electron_M3", 1, 1, 2, 25],
    "FireLoadSe": null,
    "ShellCaseDischargeSe": null,
    "SecondaryFire_Type": 1,
    "SecondaryFire_Parameter": 4,
    "AmmoClass": "EfsBullet",
    "AmmoModel": 0,
    "AmmoSpeed": 0.009999999776482582,
    "AmmoOwnerMove": 0,
    "AmmoGravityFactor": 0.10000000149011612,
    "AmmoAlive": 16,
    "AmmoDamage": [28, 8, 1, 8, 0.5, 0.5, 1],
    "AmmoDamageReduce": [0.5, 1],
    "AmmoExplosion": 0,
    "AmmoIsPenetration": 1,
    "AmmoSize": 1,
    "AmmoHitSizeAdjust": 1,
    "AmmoHitImpulseAdjust": 1,
    "AmmoColor": [0.4000000059604645, 0.6000000238418579, 1, 0.25],
    "Ammo_CustomParameter": {
      "efarc": "app:/weapon/effect/drone_pulse_bullet.efarc",
      "bullet": {
        "esb": "bullet.esb",
        "scale": 1,
        "color": [1, 1, 1, 1],
        "ext": {
          "reflection": {"type": 2, "restitution": 0.25},
          "size_control": {"add": 2},
          "always_area_damage": 1,
          "is_continue_damage": 0,
          "hit_stop": 0.800000011920929,
          "is_guard_enable": 0
        }
      }
    },
    "Ammo_EquipVoice": null,
    "AmmoHitSe": null,
    "MuzzleFlash": "",
    "MuzzleFlash_CustomParameter": null,
    "ShellCase": ["", "", 0],
    "ShellCase_CustomParameter": null,
    "ExtPrams": [1],
    "resource": [
      "app:/object/pd606_Drone_beam.sgo",
      "app:/weapon/effect/drone_pulse_bullet.efarc"
    ]
  },