{
  "format": "DSGO",
  "endian": "LE",
  "data": {
    "xgs_scene_object_class": "Weapon_Drone_Area",
    "custom_parameter": {
      "drone": {
        "object": "app:/object/pd601_Drone_Basic.sgo",
        "formation": [{"offset": [1, 2, 1]}],
        "movement": {
          "linear": {
            "max": 120,
            "accele": 0.10000000149011612,
            "lerp": 0.05000000074505806
          },
          "angular": {"ratio": 0.10000000149011612, "mix": 0.949999988079071}
        },
        "aim": {"speed": 0.20000000298023224},
        "equipment": 1,
        "aim_target": 4,
        "color": {
          "color1": [0.5899999737739563, 0, 0],
          "color2": [1, 0.2800000011920929, 0]
        }
      },
      "order": {
        "type": 4,
        "trigger": 1,
        "offset": [0, 18, -9],
        "radius": 2.5,
        "delay": {"min": 0, "max": 0},
        "area": [{"offset": [0, 0, 0], "angle": 0, "distance": 150}],
        "is_end_to_suicide": 0
      }
    },
    "use_underground": 1,
    "FireCondition": 0,
    "name.ja": "Ｆ１＋ポータブル炎熱攻撃機〔火炎〕",
    "name.en": "F1+ Portable Flamethrower (Fire)",
    "name.cn": "Ｆ１＋攜帶型炎熱攻擊機〔火焰〕",
    "name.kr": "F1+ 포터블 염열 전투기〔화염〕",
    "name.sc": "Ｆ１＋携带型炎热攻击机〔火焰〕",
    "WeaponIcon": "app:/weapon/icon/pd601_Drone.DDS",
    "animation_model": [
      ["app:/Weapon/e_throw_transceiver.rab", "e_throw_transceiver.mdb"],
      "app:/Weapon/e_throw_transceiver.cas",
      {
        "$SGOTT_EMBED": true,
        "format": "hex",
        "data": "4d4142000f000000830000000300020002004800240000005c00000080000000c0000000000001001800000001000000300000000200000028000000840000008a00000002000000440000005400000044000000000000006400000020000000200000009c0000000000000010000000100000008200000000000000babababa0000000000000000000000000000803f0000a0400000a0400000a0400000803f53474f000201000000000000200000000000000020000000000000002000000030003100000065005f007400680072006f0077005f007400720061006e0073006300650069007600650072000000680069006400650000007300740061006e006400620079000000"
      }
    ],
    "ModelConstraint": ["arms_r"],
    "BaseAnimation": "throw",
    "AimAnimation": "aim_no_ik",
    "ChangeAnimation": "throw_change1",
    "ReloadAnimation": "throw_reload1",
    "AmmoCount": 100,
    "EnergyChargeRequire": [-1, -1],
    "ReloadType": 1,
    "ReloadInit": 1,
    "ReloadTime": 240,
    "AngleAdjust": 0,
    "LockonType": 0,
    "LockonTargetType": 0,
    "Lockon_DistributionType": 0,
    "Lockon_FireEndToClear": 1,
    "Lockon_AutoTimeOut": 1,
    "LockonRange": 0,
    "LockonAngle": [0.30000001192092896, 0.30000001192092896],
    "LockonTime": 0,
    "LockonFailedTime": 0,
    "LockonHoldTime": 0,
    "FireType": 0,
    "FireSpreadType": 0,
    "FireSpreadWidth": 0,
    "FireCount": 1,
    "FireInterval": 2,
    "FireBurstCount": 1,
    "FireBurstInterval": 0,
    "FireAccuracy": 0.10000000149011612,
    "FireRecoil": 0,
    "FireVector": null,
    "FireSe": [
      1,
      "weapon_AR_droneBakugeki_Kaen_F1plus",
      0.8500000238418579,
      1,
      2,
      35
    ],
    "FireLoadSe": null,
    "ShellCaseDischargeSe": null,
    "SecondaryFire_Type": 0,
    "SecondaryFire_Parameter": [0],
    "AmmoClass": "FlameBullet02",
    "AmmoModel": 0,
    "AmmoSpeed": 1,
    "AmmoOwnerMove": 0,
    "AmmoGravityFactor": 0,
    "AmmoAlive": 60,
    "AmmoDamage": [24, 8, 0, 10, 0.5, 0.5, 1],
    "AmmoDamageReduce": [1, 1],
    "AmmoExplosion": 0,
    "AmmoIsPenetration": 0,
    "AmmoSize": 0.4000000059604645,
    "AmmoHitSizeAdjust": 1,
    "AmmoHitImpulseAdjust": 1,
    "AmmoColor": [2, 2, 2, 0.5],
    "Ammo_CustomParameter": [
      0,
      0.6000000238418579,
      1,
      0,
      [-0.20000000298023224, -1, -1, 0]
    ],
    "Ammo_EquipVoice": null,
    "AmmoHitSe": null,
    "MuzzleFlash": "",
    "MuzzleFlash_CustomParameter": {
      "efarc": "app:/weapon/effect/engineer_drone.efarc",
      "esb": "fire01.esb",
      "color": [1, 1, 1, 1],
      "scale": 0.30000001192092896,
      "is_loop": 0
    },
    "ShellCase": ["", "", 0],
    "ShellCase_CustomParameter": null,
    "ExtPrams": [1],
    "resource": [
      "app:/object/pd601_Drone_Basic.sgo",
      "app:/weapon/effect/engineer_drone.efarc"
    ]
  },
  "strings": [
    "AmmoExplosion",
    "LockonTargetType",
    "BaseAnimation",
    "AmmoColor",
    "LockonAngle",
    "AimAnimation",
    "WeaponIcon",
    "Lockon_AutoTimeOut",
    "ReloadType",
    "app:/Weapon/e_throw_transceiver.cas",
    "MuzzleFlash",
    "AmmoAlive",
    "FireVector",
    "FireType",
    "AmmoClass",
    "AmmoDamageReduce",
    "AmmoDamage",
    "AmmoGravityFactor",
    "AmmoCount",
    "SecondaryFire_Type",
    "AmmoHitImpulseAdjust",
    "AmmoHitSe",
    "distance",
    "AmmoHitSizeAdjust",
    "AmmoIsPenetration",
    "AmmoModel",
    "AmmoOwnerMove",
    "aim_target",
    "FireCondition",
    "AmmoSize",
    "AmmoSpeed",
    "ReloadInit",
    "Ammo_CustomParameter",
    "LockonTime",
    "Ammo_EquipVoice",
    "Ｆ１＋携带型炎热攻击机〔火焰〕",
    "AngleAdjust",
    "name.cn",
    "SecondaryFire_Parameter",
    "LockonFailedTime",
    "ChangeAnimation",
    "delay",
    "FireAccuracy",
    "EnergyChargeRequire",
    "ReloadTime",
    "ExtPrams",
    "FireBurstCount",
    "offset",
    "LockonRange",
    "FireBurstInterval",
    "FireCount",
    "FireInterval",
    "FireLoadSe",
    "FireRecoil",
    "FireSe",
    "FireSpreadType",
    "FireSpreadWidth",
    "LockonHoldTime",
    "LockonType",
    "ShellCase_CustomParameter",
    "Lockon_DistributionType",
    "Lockon_FireEndToClear",
    "name.en",
    "ModelConstraint",
    "MuzzleFlash_CustomParameter",
    "ReloadAnimation",
    "ShellCase",
    "ShellCaseDischargeSe",
    "throw",
    "animation_model",
    "custom_parameter",
    "name.ja",
    "name.kr",
    "name.sc",
    "resource",
    "use_underground",
    "xgs_scene_object_class",
    "Weapon_Drone_Area",
    "drone",
    "order",
    "aim",
    "color",
    "equipment",
    "formation",
    "movement",
    "object",
    "app:/object/pd601_Drone_Basic.sgo",
    "angular",
    "linear",
    "accele",
    "fire01.esb",
    "lerp",
    "max",
    "mix",
    "ratio",
    "speed",
    "color1",
    "color2",
    "area",
    "is_end_to_suicide",
    "radius",
    "trigger",
    "type",
    "min",
    "angle",
    "Ｆ１＋ポータブル炎熱攻撃機〔火炎〕",
    "F1+ Portable Flamethrower (Fire)",
    "Ｆ１＋攜帶型炎熱攻擊機〔火焰〕",
    "F1+ 포터블 염열 전투기〔화염〕",
    "app:/weapon/icon/pd601_Drone.DDS",
    "app:/Weapon/e_throw_transceiver.rab",
    "e_throw_transceiver.mdb",
    "arms_r",
    "aim_no_ik",
    "throw_change1",
    "throw_reload1",
    "weapon_AR_droneBakugeki_Kaen_F1plus",
    "FlameBullet02",
    "",
    "efarc",
    "esb",
    "is_loop",
    "scale",
    "app:/weapon/effect/engineer_drone.efarc"
  ]
}