{
  "format": "DSGO",
  "endian": "LE",
  "data": {
    "xgs_scene_object_class": "Weapon_SubDrone",
    "custom_parameter": {
      "animation": "throwL_drone_recoil",
      "whole_body": 0,
      "animation_speed": 1,
      "is_manual_reload": 1,
      "drone": {
        "object": "app:/object/pd603_Drone_smallguard.sgo",
        "trace": {"offset": [0, 1.5, 0], "spacing": 5, "count": 5},
        "equipment": 1,
        "equipment_ex": {"is_ignore_friend": 1},
        "aim_target": 0,
        "color": {
          "color1": [0.3400000035762787, 0, 0.5099999904632568],
          "color2": [0.8199999928474426, 0.7599999904632568, 0]
        }
      },
      "order": {
        "type": 0,
        "offset": [0, 0, 0],
        "radius": 0,
        "delay": {"min": 45, "max": 75},
        "trigger": 0
      }
    },
    "use_underground": 1,
    "FireCondition": 0,
    "name.ja": "追走･カプセル Ｓ５",
    "name.en": "Tracer Capsule S5",
    "name.cn": "追隨‧膠囊Ｓ５",
    "name.kr": "추적 캡슐 S5",
    "name.sc": "追随·胶囊Ｓ５",
    "WeaponIcon": "app:/weapon/icon/pd603_Drone_smallguard.DDS",
    "animation_model": [
      ["app:/Weapon/e_drone_standby603.rab", "e_drone_standby603.mdb"],
      "app:/Weapon/e_drone_standby603.cas",
      {
        "$SGOTT_EMBED": true,
        "format": "hex",
        "data": "4d4142000f000000830000000300020002004600240000005c00000080000000c0000000000001001800000001000000300000000200000028000000840000008a00000002000000440000005400000044000000000000006400000020000000200000009a0000000000000010000000100000008000000000000000babababa0000000000000000000000000000803f0000a0400000a0400000a0400000803f53474f000201000000000000200000000000000020000000000000002000000030003100000065005f00640072006f006e0065005f007300740061006e006400620079003600300033000000680069006400650000007300740061006e006400620079000000"
      }
    ],
    "ModelConstraint": ["arms_l"],
    "BaseAnimation": "throw",
    "AimAnimation": "aim_no_ik",
    "ChangeAnimation": "throw_change1",
    "ReloadAnimation": "throw_reload1",
    "AmmoCount": [25, 0, 0, 7, 0.5, 0.5, 0],
    "EnergyChargeRequire": [-1, -1],
    "ReloadType": 1,
    "ReloadInit": 1,
    "ReloadTime": [4800, 21, 3, 8, 1, 0.5, 0],
    "AngleAdjust": 0,
    "LockonType": 0,
    "LockonTargetType": 0,
    "Lockon_DistributionType": 0,
    "Lockon_FireEndToClear": 1,
    "Lockon_AutoTimeOut": 1,
    "LockonRange": 0,
    "LockonAngle": [0.30000001192092896, 0.30000001192092896],
    "LockonTime": 0,
    "LockonFailedTime": 0,
    "LockonHoldTime": 0,
    "FireType": 0,
    "FireSpreadType": 0,
    "FireSpreadWidth": 0,
    "FireCount": 12,
    "FireInterval": [90, 25, 4, 5, 0.5, 0.5, 0],
    "FireBurstCount": 1,
    "FireBurstInterval": 0,
    "FireAccuracy": 0.20000000298023224,
    "FireRecoil": 0,
    "FireVector": null,
    "FireSe": [0, "e5w_SG_FG-05", 1, 1.5, 2, 20],
    "FireLoadSe": null,
    "ShellCaseDischargeSe": null,
    "SecondaryFire_Type": 0,
    "SecondaryFire_Parameter": [0],
    "AmmoClass": "SolidBullet01",
    "AmmoModel": 0,
    "AmmoSpeed": [3, 16, 2, 8, 0.5, 0.5, 1],
    "AmmoOwnerMove": 0,
    "AmmoGravityFactor": 0,
    "AmmoAlive": 80,
    "AmmoDamage": [27.299999237060547, 8, 1, 8, 0.5, 0.5, 1],
    "AmmoDamageReduce": [0.25, 1],
    "AmmoExplosion": 0,
    "AmmoIsPenetration": 0,
    "AmmoSize": 0.12999999523162842,
    "AmmoHitSizeAdjust": 1,
    "AmmoHitImpulseAdjust": 1,
    "AmmoColor": [
      0.4000000059604645,
      0.800000011920929,
      0.30000001192092896,
      1
    ],
    "Ammo_CustomParameter": null,
    "Ammo_EquipVoice": null,
    "AmmoHitSe": null,
    "MuzzleFlash": "",
    "MuzzleFlash_CustomParameter": {
      "efarc": "app:/weapon/effect/engineer_drone.efarc",
      "esb": "fire01.esb",
      "color": [1, 1, 1, 1],
      "scale": 0.30000001192092896,
      "is_loop": 0
    },
    "ShellCase": ["", "", 0],
    "ShellCase_CustomParameter": null,
    "ExtPrams": [1],
    "resource": [
      "app:/object/pd603_Drone_smallguard.sgo",
      "app:/weapon/effect/engineer_drone.efarc"
    ]
  },
  "strings": [
    "AmmoExplosion",
    "LockonTargetType",
    "BaseAnimation",
    "AmmoColor",
    "LockonAngle",
    "AimAnimation",
    "WeaponIcon",
    "Lockon_AutoTimeOut",
    "ReloadType",
    "MuzzleFlash",
    "AmmoAlive",
    "FireVector",
    "FireType",
    "AmmoClass",
    "AmmoDamageReduce",
    "AmmoDamage",
    "AmmoGravityFactor",
    "AmmoCount",
    "SecondaryFire_Type",
    "AmmoHitImpulseAdjust",
    "AmmoHitSe",
    "AmmoHitSizeAdjust",
    "AmmoIsPenetration",
    "is_manual_reload",
    "AmmoModel",
    "AmmoOwnerMove",
    "aim_target",
    "FireCondition",
    "AmmoSize",
    "AmmoSpeed",
    "ReloadInit",
    "Ammo_CustomParameter",
    "LockonTime",
    "Ammo_EquipVoice",
    "AngleAdjust",
    "name.cn",
    "SecondaryFire_Parameter",
    "LockonFailedTime",
    "ChangeAnimation",
    "delay",
    "FireAccuracy",
    "EnergyChargeRequire",
    "ReloadTime",
    "ExtPrams",
    "FireBurstCount",
    "offset",
    "LockonRange",
    "FireBurstInterval",
    "FireCount",
    "FireInterval",
    "FireLoadSe",
    "FireRecoil",
    "FireSe",
    "FireSpreadType",
    "FireSpreadWidth",
    "LockonHoldTime",
    "LockonType",
    "ShellCase_CustomParameter",
    "Lockon_DistributionType",
    "追隨‧膠囊Ｓ５",
    "Lockon_FireEndToClear",
    "name.en",
    "ModelConstraint",
    "MuzzleFlash_CustomParameter",
    "ReloadAnimation",
    "ShellCase",
    "ShellCaseDischargeSe",
    "throw",
    "animation_model",
    "custom_parameter",
    "name.ja",
    "name.kr",
    "name.sc",
    "resource",
    "use_underground",
    "arms_l",
    "xgs_scene_object_class",
    "Weapon_SubDrone",
    "aim_no_ik",
    "animation",
    "animation_speed",
    "drone",
    "order",
    "whole_body",
    "throwL_drone_recoil",
    "color",
    "equipment",
    "equipment_ex",
    "object",
    "trace",
    "app:/object/pd603_Drone_smallguard.sgo",
    "app:/Weapon/e_drone_standby603.cas",
    "app:/Weapon/e_drone_standby603.rab",
    "count",
    "spacing",
    "is_ignore_friend",
    "color1",
    "color2",
    "radius",
    "trigger",
    "type",
    "max",
    "min",
    "追走･カプセル Ｓ５",
    "Tracer Capsule S5",
    "추적 캡슐 S5",
    "追随·胶囊Ｓ５",
    "app:/weapon/icon/pd603_Drone_smallguard.DDS",
    "e_drone_standby603.mdb",
    "throw_change1",
    "throw_reload1",
    "e5w_SG_FG-05",
    "SolidBullet01",
    "",
    "efarc",
    "esb",
    "is_loop",
    "scale",
    "app:/weapon/effect/engineer_drone.efarc",
    "fire01.esb"
  ]
}