{
  "format": "DSGO",
  "endian": "LE",
  "data": {
    "xgs_scene_object_class": "Weapon_RadioContact",
    "custom_parameter": ["common_call_loop", "common_call_end"],
    "use_underground": 0,
    "FireCondition": 0,
    "name.ja": "戦闘爆撃機カムイＢ",
    "name.en": "Combat Bomber Kamuy B",
    "name.cn": "戰鬥爆擊機神威Ｂ",
    "name.kr": "전투 폭격기 카무이 B",
    "name.sc": "战斗爆击机神威Ｂ",
    "WeaponIcon": "app:/weapon/icon/transceiver.dds",
    "animation_model": [
      ["app:/Weapon/e_throw_transceiver.rab", "e_throw_transceiver.mdb"],
      "app:/Weapon/e_throw_transceiver.cas",
      {
        "$SGOTT_EMBED": true,
        "format": "hex",
        "data": "4d4142000f000000830000000300020002004800240000005c00000080000000c0000000000001001800000001000000300000000200000028000000840000008a00000002000000440000005400000044000000000000006400000020000000200000009c0000000000000010000000100000008200000000000000babababa0000000000000000000000000000803f0000a0400000a0400000a0400000803f53474f000201000000000000200000000000000020000000000000002000000030003100000065005f007400680072006f0077005f007400720061006e0073006300650069007600650072000000680069006400650000007300740061006e006400620079000000"
      }
    ],
    "ModelConstraint": ["arms_r"],
    "BaseAnimation": "throw",
    "AimAnimation": "aim_no_ik",
    "ChangeAnimation": "throw_change1",
    "ReloadAnimation": "throw_reload1",
    "AmmoCount": 1,
    "EnergyChargeRequire": [-1, -1],
    "ReloadType": 2,
    "ReloadInit": 1,
    "ReloadTime": [2400, 21, 1, 10, 1, 0.30000001192092896, 0],
    "AngleAdjust": 0,
    "LockonType": 0,
    "LockonTargetType": 0,
    "Lockon_DistributionType": 0,
    "Lockon_FireEndToClear": 1,
    "Lockon_AutoTimeOut": 1,
    "LockonRange": 0,
    "LockonAngle": [0.30000001192092896, 0.30000001192092896],
    "LockonTime": 0,
    "LockonFailedTime": 0,
    "LockonHoldTime": 0,
    "FireType": 0,
    "FireSpreadType": 0,
    "FireSpreadWidth": 0,
    "FireCount": 1,
    "FireInterval": 120,
    "FireBurstCount": 1,
    "FireBurstInterval": 0,
    "FireAccuracy": 0,
    "FireRecoil": 0,
    "FireVector": [0, 0.5, 1.100000023841858],
    "FireSe": [0, "weapon_Engineer_Kuubaku_throw", 1, 1, 2, 20],
    "FireLoadSe": null,
    "ShellCaseDischargeSe": null,
    "SecondaryFire_Type": 0,
    "SecondaryFire_Parameter": [0],
    "AmmoClass": "",
    "AmmoModel": "app:/WEAPON/e_throw_marker04.rab",
    "AmmoSpeed": 1.2000000476837158,
    "AmmoOwnerMove": 1,
    "AmmoGravityFactor": 1,
    "AmmoAlive": 1800,
    "AmmoDamage": [750, 8, 0, 10, 0.800000011920929, 0.699999988079071, 1],
    "AmmoDamageReduce": [1, 1],
    "AmmoExplosion": 10,
    "AmmoIsPenetration": 0,
    "AmmoSize": 1,
    "AmmoHitSizeAdjust": 1,
    "AmmoHitImpulseAdjust": 1,
    "AmmoColor": [1, 0, 0, 0.5],
    "Ammo_CustomParameter": [
      30,
      1,
      [
        "app:/object/Bomber501.sgo",
        1,
        15,
        150,
        7.5,
        0,
        100,
        0,
        0,
        [100],
        [
          [0, 0],
          [0, 0],
          10,
          2,
          "RocketBullet01",
          1.5,
          1,
          4,
          1,
          11,
          600,
          0,
          [0.800000011920929, 0.5, 0.20000000298023224, 1],
          [1, 40, 300, 0],
          0,
          0,
          0,
          [0, "weapon_KUBAKU_shot", 0.5, 1, 20, 500],
          [0, "common_damages_kuubaku_Ryudan", 1, 1, 3, 200]
        ]
      ],
      ["カロン目標確認", "カロン発射", "カロン攻撃後"]
    ],
    "Ammo_EquipVoice": ["カロン出撃直後", "カロン支援不能"],
    "AmmoHitSe": [
      0,
      "common_damages_explodeFrechette_M",
      0.8913000226020813,
      1,
      1,
      200
    ],
    "MuzzleFlash": "",
    "MuzzleFlash_CustomParameter": null,
    "ShellCase": ["", "", 0],
    "ShellCase_CustomParameter": null,
    "ExtPrams": [1],
    "resource": [
      "app:/WEAPON/e_throw_marker04.rab",
      "app:/object/Bomber501.sgo"
    ]
  },
  "strings": [
    "AmmoExplosion",
    "LockonTargetType",
    "BaseAnimation",
    "AmmoColor",
    "common_call_loop",
    "LockonAngle",
    "AimAnimation",
    "WeaponIcon",
    "Lockon_AutoTimeOut",
    "ReloadType",
    "app:/Weapon/e_throw_transceiver.cas",
    "MuzzleFlash",
    "AmmoAlive",
    "FireVector",
    "FireType",
    "AmmoClass",
    "AmmoDamageReduce",
    "AmmoDamage",
    "AmmoGravityFactor",
    "AmmoCount",
    "SecondaryFire_Type",
    "AmmoHitImpulseAdjust",
    "AmmoHitSe",
    "AmmoHitSizeAdjust",
    "AmmoIsPenetration",
    "AmmoModel",
    "AmmoOwnerMove",
    "FireCondition",
    "AmmoSize",
    "AmmoSpeed",
    "ReloadInit",
    "Ammo_CustomParameter",
    "LockonTime",
    "Ammo_EquipVoice",
    "AngleAdjust",
    "name.cn",
    "SecondaryFire_Parameter",
    "LockonFailedTime",
    "ChangeAnimation",
    "FireAccuracy",
    "EnergyChargeRequire",
    "ReloadTime",
    "ExtPrams",
    "FireBurstCount",
    "LockonRange",
    "FireBurstInterval",
    "FireCount",
    "FireInterval",
    "FireLoadSe",
    "FireRecoil",
    "FireSe",
    "FireSpreadType",
    "FireSpreadWidth",
    "LockonHoldTime",
    "LockonType",
    "ShellCase_CustomParameter",
    "Lockon_DistributionType",
    "Lockon_FireEndToClear",
    "name.en",
    "ModelConstraint",
    "MuzzleFlash_CustomParameter",
    "ReloadAnimation",
    "ShellCase",
    "ShellCaseDischargeSe",
    "throw",
    "animation_model",
    "custom_parameter",
    "name.ja",
    "name.kr",
    "name.sc",
    "resource",
    "use_underground",
    "xgs_scene_object_class",
    "Weapon_RadioContact",
    "カロン出撃直後",
    "common_call_end",
    "戦闘爆撃機カムイＢ",
    "Combat Bomber Kamuy B",
    "戰鬥爆擊機神威Ｂ",
    "전투 폭격기 카무이 B",
    "战斗爆击机神威Ｂ",
    "app:/weapon/icon/transceiver.dds",
    "app:/Weapon/e_throw_transceiver.rab",
    "e_throw_transceiver.mdb",
    "arms_r",
    "aim_no_ik",
    "throw_change1",
    "throw_reload1",
    "weapon_Engineer_Kuubaku_throw",
    "",
    "app:/WEAPON/e_throw_marker04.rab",
    "app:/object/Bomber501.sgo",
    "RocketBullet01",
    "weapon_KUBAKU_shot",
    "common_damages_kuubaku_Ryudan",
    "カロン目標確認",
    "カロン発射",
    "カロン攻撃後",
    "カロン支援不能",
    "common_damages_explodeFrechette_M"
  ]
}