{
  "format": "DSGO",
  "endian": "LE",
  "data": {
    "xgs_scene_object_class": "Weapon_Sub",
    "custom_parameter": {
      "animation": "vehicle_call",
      "whole_body": 1,
      "animation_speed": 1,
      "is_manual_reload": 1
    },
    "use_underground": 1,
    "FireCondition": 0,
    "name.ja": "リクルーター〔IRyS〕",
    "name.en": "Recruiter (IRyS)",
    "name.cn": "募兵大使〔埃莉絲〕",
    "name.kr": "리크루터〔IRyS〕",
    "name.sc": "募兵大使〔埃莉丝〕",
    "WeaponIcon": "app:/weapon/icon/throw_decoy.dds",
    "animation_model": [
      ["app:/Weapon/e_throw_decoycore01.rab", "e_throw_decoycore01.mdb"],
      "app:/Weapon/e_throw_decoycore01.cas",
      {
        "$SGOTT_EMBED": true,
        "format": "hex",
        "data": "4d4142000f000000830000000300020002004800240000005c00000080000000c0000000000001001800000001000000300000000200000028000000840000008a00000002000000440000005400000044000000000000006400000020000000200000009c0000000000000010000000100000008200000000000000babababa0000000000000000000000000000803f0000a0400000a0400000a0400000803f53474f000201000000000000200000000000000020000000000000002000000030003100000065005f007400680072006f0077005f006400650063006f00790063006f0072006500300031000000680069006400650000007300740061006e006400620079000000"
      }
    ],
    "ModelConstraint": ["arms_r"],
    "BaseAnimation": "throw",
    "AimAnimation": "aim_no_ik",
    "ChangeAnimation": "throw_change1",
    "ReloadAnimation": "throw_reload1",
    "AmmoCount": 1,
    "EnergyChargeRequire": [-1, -1],
    "ReloadType": 1,
    "ReloadInit": 1,
    "ReloadTime": 2400,
    "AngleAdjust": 0,
    "LockonType": 0,
    "LockonTargetType": 0,
    "Lockon_DistributionType": 0,
    "Lockon_FireEndToClear": 1,
    "Lockon_AutoTimeOut": 1,
    "LockonRange": 0,
    "LockonAngle": [0.30000001192092896, 0.30000001192092896],
    "LockonTime": 0,
    "LockonFailedTime": 0,
    "LockonHoldTime": 0,
    "FireType": 0,
    "FireSpreadType": 0,
    "FireSpreadWidth": 0,
    "FireCount": 1,
    "FireInterval": 30,
    "FireBurstCount": 1,
    "FireBurstInterval": 0,
    "FireAccuracy": 0.004999999888241291,
    "FireRecoil": 0,
    "FireVector": null,
    "FireSe": [0, "weapon_Engineer_EX_spcDecoySet", 1, 1, 2, 20],
    "FireLoadSe": null,
    "ShellCaseDischargeSe": null,
    "SecondaryFire_Type": 0,
    "SecondaryFire_Parameter": [0],
    "AmmoClass": "DecoyBullet01",
    "AmmoModel": 0,
    "AmmoSpeed": 0.5,
    "AmmoOwnerMove": 1,
    "AmmoGravityFactor": 1,
    "AmmoAlive": 36000,
    "AmmoDamage": 360,
    "AmmoDamageReduce": [1, 1],
    "AmmoExplosion": 0,
    "AmmoIsPenetration": 0,
    "AmmoSize": 1,
    "AmmoHitSizeAdjust": 1,
    "AmmoHitImpulseAdjust": 1,
    "AmmoColor": [0, 1, 0, 1],
    "Ammo_CustomParameter": {
      "null": 1,
      "undefined": 0,
      "decoy_sgo": "app:/object/e_throw_decoyscreen_irys.sgo"
    },
    "Ammo_EquipVoice": null,
    "AmmoHitSe": null,
    "MuzzleFlash": "",
    "MuzzleFlash_CustomParameter": null,
    "ShellCase": ["", "", 0],
    "ShellCase_CustomParameter": null,
    "ExtPrams": [1],
    "resource": ["app:/object/e_throw_decoyscreen_irys.sgo"]
  },
  "strings": [
    "AmmoExplosion",
    "app:/Weapon/e_throw_decoycore01.cas",
    "LockonTargetType",
    "BaseAnimation",
    "AmmoColor",
    "LockonAngle",
    "AimAnimation",
    "WeaponIcon",
    "Lockon_AutoTimeOut",
    "ReloadType",
    "MuzzleFlash",
    "AmmoAlive",
    "FireVector",
    "FireType",
    "AmmoClass",
    "AmmoDamageReduce",
    "AmmoDamage",
    "AmmoGravityFactor",
    "AmmoCount",
    "SecondaryFire_Type",
    "AmmoHitImpulseAdjust",
    "AmmoHitSe",
    "AmmoHitSizeAdjust",
    "AmmoIsPenetration",
    "リクルーター〔IRyS〕",
    "is_manual_reload",
    "AmmoModel",
    "AmmoOwnerMove",
    "FireCondition",
    "AmmoSize",
    "AmmoSpeed",
    "ReloadInit",
    "Ammo_CustomParameter",
    "LockonTime",
    "Ammo_EquipVoice",
    "AngleAdjust",
    "name.cn",
    "SecondaryFire_Parameter",
    "LockonFailedTime",
    "ChangeAnimation",
    "FireAccuracy",
    "EnergyChargeRequire",
    "ReloadTime",
    "ExtPrams",
    "FireBurstCount",
    "LockonRange",
    "FireBurstInterval",
    "app:/Weapon/e_throw_decoycore01.rab",
    "FireCount",
    "FireInterval",
    "FireLoadSe",
    "FireRecoil",
    "FireSe",
    "FireSpreadType",
    "FireSpreadWidth",
    "LockonHoldTime",
    "LockonType",
    "ShellCase_CustomParameter",
    "Lockon_DistributionType",
    "Lockon_FireEndToClear",
    "name.en",
    "ModelConstraint",
    "MuzzleFlash_CustomParameter",
    "ReloadAnimation",
    "ShellCase",
    "ShellCaseDischargeSe",
    "throw",
    "animation_model",
    "custom_parameter",
    "name.ja",
    "name.kr",
    "name.sc",
    "resource",
    "use_underground",
    "xgs_scene_object_class",
    "Weapon_Sub",
    "aim_no_ik",
    "animation",
    "animation_speed",
    "whole_body",
    "vehicle_call",
    "Recruiter (IRyS)",
    "募兵大使〔埃莉絲〕",
    "리크루터〔IRyS〕",
    "募兵大使〔埃莉丝〕",
    "app:/weapon/icon/throw_decoy.dds",
    "e_throw_decoycore01.mdb",
    "arms_r",
    "throw_change1",
    "throw_reload1",
    "weapon_Engineer_EX_spcDecoySet",
    "DecoyBullet01",
    "decoy_sgo",
    "app:/object/e_throw_decoyscreen_irys.sgo",
    ""
  ]
}