{
  "format": "DSGO",
  "endian": "LE",
  "data": {
    "xgs_scene_object_class": "Weapon_BasicShoot",
    "custom_parameter": ["waist_recoil3", 1, 0, 1],
    "use_underground": 1,
    "FireCondition": 0,
    "name.ja": "火炎放射器オメガ",
    "name.en": "Flamethrower Omega",
    "name.cn": "火焰噴射器ＯＭＥＧＡ",
    "name.kr": "화염 방사기 오메가",
    "name.sc": "火焰喷射器OMEGA",
    "WeaponIcon": "app:/weapon/icon/s_flamethrower_624_powerful01.dds",
    "Sight_animation_model": [["app:/HUD/sight06.rab", "sight06.mdb"], 0, 0],
    "animation_model": [
      [
        "app:/Weapon/s_flamethrower_624_powerful01.rab",
        "s_flamethrower_624_powerful01.mdb"
      ],
      0,
      {
        "$SGOTT_EMBED": true,
        "format": "hex",
        "data": "4d4142000f000000830000000300000005004800240000007c00000080000000f0000000000001001800000001000100300000000200000048000000b4000000c00000000200000074000000540000004400000000000000940000009a000000a0000000020000004400000034000000640000000000000074000000babababa0000000000000000000000000000803fcdcc4c3dcdcc4c3dcdcc4c3d0000803fddcfe93def02a53c7c26a33e0000803f00000080ae47e13d0000803f0000803f231cbdbf990977bfe3423ac00000803f53474f000201000000000000200000000000000020000000000000002000000030003100000049004b00000073005f0066006c0061006d0065007400680072006f007700650072005f003600320034005f0070006f00770065007200660075006c00300031000000"
      }
    ],
    "ModelConstraint": ["arms_r"],
    "BaseAnimation": "waist",
    "AimAnimation": "aim",
    "ChangeAnimation": "waist_change1",
    "ReloadAnimation": "waist_reload2",
    "AmmoCount": [1200, 0, 0, 5, 0.5, 0.5, 0],
    "EnergyChargeRequire": [-1, -1],
    "ReloadType": 0,
    "ReloadInit": 1,
    "ReloadTime": [300, 21, 2, 5, 1, 0.5, 0],
    "AngleAdjust": 0,
    "LockonType": 0,
    "LockonTargetType": 0,
    "Lockon_DistributionType": 0,
    "Lockon_FireEndToClear": 1,
    "Lockon_AutoTimeOut": 1,
    "LockonRange": 0,
    "LockonAngle": [0.30000001192092896, 0.30000001192092896],
    "LockonTime": 0,
    "LockonFailedTime": 0,
    "LockonHoldTime": 0,
    "FireType": 0,
    "FireSpreadType": 0,
    "FireSpreadWidth": 0,
    "FireCount": 1,
    "FireInterval": 1,
    "FireBurstCount": 1,
    "FireBurstInterval": 0,
    "FireAccuracy": 0.10000000149011612,
    "FireRecoil": 0.07500000298023224,
    "FireVector": null,
    "FireSe": [1, "weapon_SPnew_kaenhoushaAlpha", 1, 1, 2, 25],
    "FireLoadSe": null,
    "ShellCaseDischargeSe": null,
    "SecondaryFire_Type": 0,
    "SecondaryFire_Parameter": [0],
    "AmmoClass": "FlameBullet02",
    "AmmoModel": 0,
    "AmmoSpeed": 1.7999999523162842,
    "AmmoOwnerMove": 0,
    "AmmoGravityFactor": 0,
    "AmmoAlive": 120,
    "AmmoDamage": [10, 8, 1, 8, 0.5, 0.5, 1],
    "AmmoDamageReduce": [0.30000001192092896, 1],
    "AmmoExplosion": 0,
    "AmmoIsPenetration": 0,
    "AmmoSize": 0.30000001192092896,
    "AmmoHitSizeAdjust": 1,
    "AmmoHitImpulseAdjust": 1,
    "AmmoColor": [10, 10, 10, 1],
    "Ammo_CustomParameter": {
      "null": 0,
      "undefined": 0.05000000074505806,
      "continue_damage_interval": 4
    },
    "Ammo_EquipVoice": null,
    "AmmoHitSe": null,
    "MuzzleFlash": "",
    "MuzzleFlash_CustomParameter": null,
    "ShellCase": ["", "", 0],
    "ShellCase_CustomParameter": null,
    "ExtPrams": [1]
  },
  "strings": [
    "AmmoExplosion",
    "LockonTargetType",
    "BaseAnimation",
    "AmmoColor",
    "LockonAngle",
    "AimAnimation",
    "WeaponIcon",
    "Lockon_AutoTimeOut",
    "ReloadType",
    "MuzzleFlash",
    "AmmoAlive",
    "FireVector",
    "FireType",
    "AmmoClass",
    "AmmoDamageReduce",
    "AmmoDamage",
    "AmmoGravityFactor",
    "AmmoCount",
    "SecondaryFire_Type",
    "AmmoHitImpulseAdjust",
    "AmmoHitSe",
    "AmmoHitSizeAdjust",
    "AmmoIsPenetration",
    "AmmoModel",
    "AmmoOwnerMove",
    "FireCondition",
    "AmmoSize",
    "AmmoSpeed",
    "ReloadInit",
    "Ammo_CustomParameter",
    "LockonTime",
    "Ammo_EquipVoice",
    "AngleAdjust",
    "name.cn",
    "SecondaryFire_Parameter",
    "LockonFailedTime",
    "ChangeAnimation",
    "FireAccuracy",
    "EnergyChargeRequire",
    "ReloadTime",
    "ExtPrams",
    "FireBurstCount",
    "LockonRange",
    "FireBurstInterval",
    "FireCount",
    "FireInterval",
    "FireLoadSe",
    "FireRecoil",
    "FireSe",
    "FireSpreadType",
    "FireSpreadWidth",
    "Sight_animation_model",
    "LockonHoldTime",
    "LockonType",
    "ShellCase_CustomParameter",
    "Lockon_DistributionType",
    "Lockon_FireEndToClear",
    "ModelConstraint",
    "MuzzleFlash_CustomParameter",
    "ReloadAnimation",
    "ShellCase",
    "ShellCaseDischargeSe",
    "animation_model",
    "custom_parameter",
    "name.en",
    "name.ja",
    "name.kr",
    "name.sc",
    "app:/Weapon/s_flamethrower_624_powerful01.rab",
    "use_underground",
    "화염 방사기 오메가",
    "xgs_scene_object_class",
    "Weapon_BasicShoot",
    "waist_recoil3",
    "火炎放射器オメガ",
    "Flamethrower Omega",
    "waist",
    "火焰噴射器ＯＭＥＧＡ",
    "火焰喷射器OMEGA",
    "app:/weapon/icon/s_flamethrower_624_powerful01.dds",
    "app:/HUD/sight06.rab",
    "sight06.mdb",
    "s_flamethrower_624_powerful01.mdb",
    "arms_r",
    "aim",
    "waist_change1",
    "waist_reload2",
    "weapon_SPnew_kaenhoushaAlpha",
    "FlameBullet02",
    "continue_damage_interval",
    ""
  ]
}