{
  "format": "DSGO",
  "endian": "LE",
  "data": {
    "xgs_scene_object_class": "Weapon_Sub",
    "custom_parameter": {
      "animation": "throwL_swing",
      "whole_body": 0,
      "animation_speed": 1,
      "is_manual_reload": 0,
      "show_throw_guide": {"always_show": 0},
      "long_press_count": 216000
    },
    "use_underground": 1,
    "FireCondition": 0,
    "name.ja": "千一号弾",
    "name.en": "Firecracker 1001",
    "name.cn": "千一號彈",
    "name.kr": "1001호",
    "name.sc": "千一号弹",
    "WeaponIcon": "app:/weapon/icon/grenade.dds",
    "animation_model": [
      ["app:/Weapon/s_throw_kansyaku01.rab", "s_throw_kansyaku01.mdb"],
      "app:/Weapon/s_throw_kansyaku01.cas",
      {
        "$SGOTT_EMBED": true,
        "format": "hex",
        "data": "4d4142000f000000830000000300020002004e00240000005c00000080000000c0000000000001001800000001000000300000000200000028000000c40000008e0000000200000044000000540000004400000000000000640000002000000020000000940000000000000010000000100000005400000000000000babababa0000000000000000000000000000803f0000a0400000a0400000a0400000803f53474f00020100000000000020000000000000002000000000000000200000006800690064006500000073005f007400680072006f0077005f006b0061006e007300790061006b0075003000310000007300740061006e0064006200790000000d54217157300000000000000000"
      }
    ],
    "ModelConstraint": ["arms_l"],
    "BaseAnimation": "throw",
    "AimAnimation": "aim_no_ik",
    "ChangeAnimation": "throw_change1",
    "ReloadAnimation": "throw_reload1",
    "AmmoCount": 1,
    "EnergyChargeRequire": [-1, -1],
    "ReloadType": 1,
    "ReloadInit": 1,
    "ReloadTime": [150, 21, 3, 8, 1, 0.5, 0],
    "AngleAdjust": 0,
    "LockonType": 0,
    "LockonTargetType": 0,
    "Lockon_DistributionType": 0,
    "Lockon_FireEndToClear": 1,
    "Lockon_AutoTimeOut": 1,
    "LockonRange": 0,
    "LockonAngle": [0.30000001192092896, 0.30000001192092896],
    "LockonTime": 0,
    "LockonFailedTime": 0,
    "LockonHoldTime": 0,
    "FireType": 0,
    "FireSpreadType": 0,
    "FireSpreadWidth": 0,
    "FireCount": [30, 4, 2, 10, 0.5, 1, 0],
    "FireInterval": 0,
    "FireBurstCount": 1,
    "FireBurstInterval": 0,
    "FireAccuracy": 0.15000000596046448,
    "FireRecoil": 0,
    "FireVector": [0, 0.125, 1],
    "FireSe": [0, "weapon_SPnew_kanshakuDamaBakusai", 1, 1, 2, 20],
    "FireLoadSe": null,
    "ShellCaseDischargeSe": null,
    "SecondaryFire_Type": 0,
    "SecondaryFire_Parameter": [0],
    "AmmoClass": "GrenadeBullet01",
    "AmmoModel": "app:/WEAPON/bullet_kansyaku.rab",
    "AmmoSpeed": 0.800000011920929,
    "AmmoOwnerMove": 1,
    "AmmoGravityFactor": 1,
    "AmmoAlive": 600,
    "AmmoDamage": [740, 8, 0, 8, 0.5, 0.5, 1],
    "AmmoDamageReduce": [1, 1],
    "AmmoExplosion": [5, 32, 1, 8, 0.5, 0.5, 1],
    "AmmoIsPenetration": 0,
    "AmmoSize": 4,
    "AmmoHitSizeAdjust": 0.25,
    "AmmoHitImpulseAdjust": 1,
    "AmmoColor": [1, 1, 1, 0.5],
    "Ammo_CustomParameter": [4, -0.004000000189989805, 1, 0.5, 0, 0],
    "Ammo_EquipVoice": null,
    "AmmoHitSe": [0, "common_damages_explode_S", 1, 1, 1, 150],
    "MuzzleFlash": "",
    "MuzzleFlash_CustomParameter": null,
    "ShellCase": ["", "", 0],
    "ShellCase_CustomParameter": null,
    "ExtPrams": [1],
    "resource": ["app:/WEAPON/bullet_kansyaku.rab"]
  },
  "strings": [
    "AmmoExplosion",
    "LockonTargetType",
    "BaseAnimation",
    "AmmoColor",
    "LockonAngle",
    "AimAnimation",
    "WeaponIcon",
    "Lockon_AutoTimeOut",
    "ReloadType",
    "MuzzleFlash",
    "AmmoAlive",
    "FireVector",
    "FireType",
    "AmmoClass",
    "AmmoDamageReduce",
    "AmmoDamage",
    "AmmoGravityFactor",
    "AmmoCount",
    "SecondaryFire_Type",
    "AmmoHitImpulseAdjust",
    "AmmoHitSe",
    "AmmoHitSizeAdjust",
    "AmmoIsPenetration",
    "is_manual_reload",
    "AmmoModel",
    "AmmoOwnerMove",
    "FireCondition",
    "AmmoSize",
    "AmmoSpeed",
    "ReloadInit",
    "Ammo_CustomParameter",
    "LockonTime",
    "Ammo_EquipVoice",
    "AngleAdjust",
    "name.cn",
    "SecondaryFire_Parameter",
    "LockonFailedTime",
    "ChangeAnimation",
    "FireAccuracy",
    "EnergyChargeRequire",
    "ReloadTime",
    "ExtPrams",
    "FireBurstCount",
    "LockonRange",
    "FireBurstInterval",
    "FireCount",
    "FireInterval",
    "FireLoadSe",
    "FireRecoil",
    "FireSe",
    "FireSpreadType",
    "FireSpreadWidth",
    "LockonHoldTime",
    "LockonType",
    "ShellCase_CustomParameter",
    "Lockon_DistributionType",
    "Lockon_FireEndToClear",
    "name.en",
    "ModelConstraint",
    "MuzzleFlash_CustomParameter",
    "ReloadAnimation",
    "ShellCase",
    "ShellCaseDischargeSe",
    "throw",
    "animation_model",
    "custom_parameter",
    "name.ja",
    "name.kr",
    "name.sc",
    "resource",
    "use_underground",
    "arms_l",
    "xgs_scene_object_class",
    "Weapon_Sub",
    "aim_no_ik",
    "long_press_count",
    "animation",
    "animation_speed",
    "show_throw_guide",
    "whole_body",
    "GrenadeBullet01",
    "throwL_swing",
    "always_show",
    "千一号弾",
    "Firecracker 1001",
    "s_throw_kansyaku01.mdb",
    "千一號彈",
    "1001호",
    "千一号弹",
    "app:/weapon/icon/grenade.dds",
    "app:/Weapon/s_throw_kansyaku01.rab",
    "app:/Weapon/s_throw_kansyaku01.cas",
    "throw_change1",
    "throw_reload1",
    "weapon_SPnew_kanshakuDamaBakusai",
    "app:/WEAPON/bullet_kansyaku.rab",
    "common_damages_explode_S",
    ""
  ]
}