{
  "format": "DSGO",
  "endian": "LE",
  "data": {
    "xgs_scene_object_class": "Weapon_ChargeShoot",
    "custom_parameter": ["hand_recoil1", 1, 0, 1, 0.5, 0, 170],
    "use_underground": 1,
    "FireCondition": 0,
    "name.ja": "ファランクスＭ５",
    "name.en": "Phalanx M5",
    "name.cn": "方陣長矛Ｍ５",
    "name.kr": "팔랑크스 M5",
    "name.sc": "方阵长矛Ｍ５",
    "WeaponIcon": "app:/weapon/icon/rapier_chargehard.dds",
    "Sight_animation_model": [["app:/HUD/sight09.rab", "sight09.mdb"], 0, 0],
    "animation_model": [
      ["app:/Weapon/p_rapier_chargehard.rab", "p_rapier_chargehard.mdb"],
      0,
      {
        "$SGOTT_EMBED": true,
        "format": "hex",
        "data": "4d4142000f000000830000000300000005003400240000007c00000080000000f0000000000001001800000001000100300000000200000048000000b4000000c00000000200000054000000640000004400000000000000940000009a000000a0000000020000005400000044000000640000000000000074000000babababa0000000000000000000000000000803f0000000068916d3d51f8a23f0000803fcdcc4c3dcdcc4c3dcdcc4c3d0000803f73b8563d392ba2bb2ec9a1bd0000803f41abf6bf5ffd9bbf8e31adbf0000803f53474f000201000000000000200000000000000020000000000000002000000030003100000049004b00000070005f007200610070006900650072005f0063006800610072006700650068006100720064000000"
      }
    ],
    "ModelConstraint": ["arms_r"],
    "BaseAnimation": "hand",
    "AimAnimation": "aim",
    "ChangeAnimation": "hand_change1",
    "ReloadAnimation": "hand_reload1",
    "AmmoCount": [180, 0, 0, 8, 0.5, 1.100000023841858, 0],
    "EnergyChargeRequire": [[206.77645874023438, 45, 5, 8, 0.5, 0.5, 1], 20],
    "ReloadType": 0,
    "ReloadInit": 1,
    "ReloadTime": [90, 21, 4, 5, 1, 0.5, 0],
    "AngleAdjust": 0,
    "LockonType": 0,
    "LockonTargetType": 0,
    "Lockon_DistributionType": 0,
    "Lockon_FireEndToClear": 1,
    "Lockon_AutoTimeOut": 1,
    "LockonRange": 0,
    "LockonAngle": [0.30000001192092896, 0.30000001192092896],
    "LockonTime": 0,
    "LockonFailedTime": 0,
    "LockonHoldTime": 0,
    "FireType": 0,
    "FireSpreadType": 0,
    "FireSpreadWidth": 0,
    "FireCount": [6, 4, 1, 4, 0.5, 0.5, 0],
    "FireInterval": 1,
    "FireBurstCount": 1,
    "FireBurstInterval": 0,
    "FireAccuracy": 0.10000000149011612,
    "FireRecoil": 0.3400000035762787,
    "FireVector": null,
    "FireSe": [1, "e5w_WDnew_short_phalanxM5", 0.8999999761581421, 1, 2, 25],
    "FireLoadSe": null,
    "ShellCaseDischargeSe": null,
    "SecondaryFire_Type": 0,
    "SecondaryFire_Parameter": [0],
    "AmmoClass": "LaserBullet01",
    "AmmoModel": 0,
    "AmmoSpeed": [32, 16, 3, 5, 0.5, 0.5, 1],
    "AmmoOwnerMove": 0,
    "AmmoGravityFactor": 0,
    "AmmoAlive": 3,
    "AmmoDamage": [101, 8, 2, 8, 0.5, 0.5, 1],
    "AmmoDamageReduce": [0.009999999776482582, 1],
    "AmmoExplosion": 0,
    "AmmoIsPenetration": 0,
    "AmmoSize": 0.07000000029802322,
    "AmmoHitSizeAdjust": 1,
    "AmmoHitImpulseAdjust": 0.05000000074505806,
    "AmmoColor": [0.4000000059604645, 0.4000000059604645, 2, 0.5],
    "Ammo_CustomParameter": [
      [1, 1, 1, 1],
      [2, 2, 2, 2],
      6,
      3,
      4,
      0,
      0,
      1.5,
      1.600000023841858,
      0.5,
      5
    ],
    "Ammo_EquipVoice": null,
    "AmmoHitSe": null,
    "MuzzleFlash": "LaserMuzzleFlash01",
    "MuzzleFlash_CustomParameter": [
      "Particle3_k.dds",
      0.25,
      [0.4000000059604645, 0.4000000059604645, 2, 0.5],
      3
    ],
    "ShellCase": ["", "", 0],
    "ShellCase_CustomParameter": null,
    "ExtPrams": [1]
  },
  "strings": [
    "AmmoExplosion",
    "LockonTargetType",
    "BaseAnimation",
    "AmmoColor",
    "LockonAngle",
    "AimAnimation",
    "WeaponIcon",
    "Lockon_AutoTimeOut",
    "ReloadType",
    "MuzzleFlash",
    "AmmoAlive",
    "FireVector",
    "FireType",
    "AmmoClass",
    "AmmoDamageReduce",
    "AmmoDamage",
    "AmmoGravityFactor",
    "AmmoCount",
    "SecondaryFire_Type",
    "AmmoHitImpulseAdjust",
    "AmmoHitSe",
    "AmmoHitSizeAdjust",
    "AmmoIsPenetration",
    "AmmoModel",
    "AmmoOwnerMove",
    "FireCondition",
    "AmmoSize",
    "AmmoSpeed",
    "ReloadInit",
    "Ammo_CustomParameter",
    "e5w_WDnew_short_phalanxM5",
    "LockonTime",
    "Ammo_EquipVoice",
    "AngleAdjust",
    "name.cn",
    "SecondaryFire_Parameter",
    "LockonFailedTime",
    "ChangeAnimation",
    "FireAccuracy",
    "方陣長矛Ｍ５",
    "EnergyChargeRequire",
    "ReloadTime",
    "ExtPrams",
    "FireBurstCount",
    "LockonRange",
    "FireBurstInterval",
    "FireCount",
    "FireInterval",
    "FireLoadSe",
    "FireRecoil",
    "FireSe",
    "FireSpreadType",
    "FireSpreadWidth",
    "Sight_animation_model",
    "LockonHoldTime",
    "LockonType",
    "ShellCase_CustomParameter",
    "Lockon_DistributionType",
    "Lockon_FireEndToClear",
    "ModelConstraint",
    "MuzzleFlash_CustomParameter",
    "ReloadAnimation",
    "ShellCase",
    "ShellCaseDischargeSe",
    "animation_model",
    "custom_parameter",
    "name.en",
    "name.ja",
    "name.kr",
    "name.sc",
    "use_underground",
    "xgs_scene_object_class",
    "Weapon_ChargeShoot",
    "hand_recoil1",
    "ファランクスＭ５",
    "Phalanx M5",
    "팔랑크스 M5",
    "方阵长矛Ｍ５",
    "app:/weapon/icon/rapier_chargehard.dds",
    "app:/HUD/sight09.rab",
    "sight09.mdb",
    "app:/Weapon/p_rapier_chargehard.rab",
    "p_rapier_chargehard.mdb",
    "arms_r",
    "hand",
    "aim",
    "hand_change1",
    "hand_reload1",
    "LaserBullet01",
    "LaserMuzzleFlash01",
    "Particle3_k.dds",
    ""
  ]
}