{
  "format": "DSGO",
  "endian": "LE",
  "data": {
    "xgs_scene_object_class": "Weapon_Sub",
    "custom_parameter": {
      "animation": "throwL_swing",
      "whole_body": 0,
      "animation_speed": 1,
      "is_manual_reload": 0,
      "show_throw_guide": {"always_show": 0},
      "long_press_count": 216000
    },
    "use_underground": 1,
    "FireCondition": 0,
    "name.ja": "ブリンク・フォーク",
    "name.en": "Blink Fork",
    "name.cn": "閃光型瞬彈",
    "name.kr": "블링크 포크",
    "name.sc": "闪光型瞬弹",
    "WeaponIcon": "app:/weapon/icon/plasma_gr.dds",
    "animation_model": [
      [
        "app:/Weapon/p_grenade_plasmagrenade01.rab",
        "p_grenade_plasmagrenade01.mdb"
      ],
      "app:/Weapon/p_grenade_plasmagrenade01.cas",
      {
        "$SGOTT_EMBED": true,
        "format": "hex",
        "data": "4d4142000f000000830000000300020003002a00240000005c00000080000000d0000000000001001800000001000000300000000200000028000000940000009a00000002000000540000006400000044000000000000007400000020000000200000008e0000000000000010000000100000007400000000000000babababa0000000000000000000000000000803f000000008fc2753d000000000000803fcdcc4c3dcdcc4c3dcdcc4c3d0000803f53474f000201000000000000200000000000000020000000000000002000000030003100000062006f00640079000000680069006400650000007300740061006e006400620079000000"
      }
    ],
    "ModelConstraint": ["arms_l"],
    "BaseAnimation": "throw",
    "AimAnimation": "aim_no_ik",
    "ChangeAnimation": "throw_change1",
    "ReloadAnimation": "throw_reload1",
    "AmmoCount": [5, 0, 0, 4, 0.5, 0.5, 0],
    "EnergyChargeRequire": [-1, -1],
    "ReloadType": 1,
    "ReloadInit": 1,
    "ReloadTime": [360, 21, 3, 7, 1, 0.5, 0],
    "AngleAdjust": 0,
    "LockonType": 0,
    "LockonTargetType": 0,
    "Lockon_DistributionType": 0,
    "Lockon_FireEndToClear": 1,
    "Lockon_AutoTimeOut": 1,
    "LockonRange": 0,
    "LockonAngle": [0.30000001192092896, 0.30000001192092896],
    "LockonTime": 0,
    "LockonFailedTime": 0,
    "LockonHoldTime": 0,
    "FireType": 0,
    "FireSpreadType": 0,
    "FireSpreadWidth": 0,
    "FireCount": 1,
    "FireInterval": 0,
    "FireBurstCount": 1,
    "FireBurstInterval": 0,
    "FireAccuracy": [0.004999999888241291, 13, 2, 6, 2, 0.5, 1],
    "FireRecoil": 0,
    "FireVector": null,
    "FireSe": [
      0,
      "e5w_WDnew_range_blinkBallFalk",
      0.8999999761581421,
      1,
      2,
      25
    ],
    "FireLoadSe": null,
    "ShellCaseDischargeSe": null,
    "SecondaryFire_Type": 0,
    "SecondaryFire_Parameter": [0],
    "AmmoClass": "PlasmaBullet01",
    "AmmoModel": "app:/WEAPON/p_grenade_plasmagrenade01.rab",
    "AmmoSpeed": [4, 16, 4, 8, 0.800000011920929, 1.5, 1],
    "AmmoOwnerMove": 0.5,
    "AmmoGravityFactor": 10,
    "AmmoAlive": 20,
    "AmmoDamage": [700, 8, 1, 8, 0.5, 0.5, 1],
    "AmmoDamageAttribute": {"shield": 4},
    "AmmoDamageReduce": [1, 1],
    "AmmoExplosion": [15, 32, 5, 10, 0.5, 0.5, 1],
    "AmmoIsPenetration": 0,
    "AmmoSize": 1,
    "AmmoHitSizeAdjust": 1,
    "AmmoHitImpulseAdjust": 1,
    "AmmoColor": [0.125, 0.08749999850988388, 0.25, 0.5],
    "Ammo_CustomParameter": {
      "null": 30,
      "is_timer_explosion": 1,
      "is_hit_explosion": 1
    },
    "Ammo_EquipVoice": null,
    "AmmoHitSe": [
      0,
      "common_damages_impactPlasma_M",
      1,
      0.8909000158309937,
      1,
      200
    ],
    "MuzzleFlash": "",
    "MuzzleFlash_CustomParameter": null,
    "ShellCase": ["", "", 0],
    "ShellCase_CustomParameter": null,
    "ExtPrams": [1],
    "resource": ["app:/WEAPON/p_grenade_plasmagrenade01.rab"]
  },
  "strings": [
    "LockonTargetType",
    "BaseAnimation",
    "AmmoColor",
    "LockonAngle",
    "AimAnimation",
    "is_manual_reload",
    "AmmoModel",
    "AmmoDamageAttribute",
    "WeaponIcon",
    "Lockon_AutoTimeOut",
    "ReloadType",
    "MuzzleFlash",
    "AmmoAlive",
    "FireVector",
    "FireType",
    "AmmoClass",
    "AmmoDamageReduce",
    "AmmoDamage",
    "AmmoGravityFactor",
    "AmmoCount",
    "AmmoExplosion",
    "app:/WEAPON/p_grenade_plasmagrenade01.rab",
    "SecondaryFire_Type",
    "AmmoHitImpulseAdjust",
    "AmmoHitSe",
    "AmmoHitSizeAdjust",
    "AmmoIsPenetration",
    "AmmoOwnerMove",
    "FireCondition",
    "AmmoSize",
    "AmmoSpeed",
    "ReloadInit",
    "Ammo_CustomParameter",
    "LockonTime",
    "Ammo_EquipVoice",
    "AngleAdjust",
    "name.cn",
    "SecondaryFire_Parameter",
    "LockonFailedTime",
    "ChangeAnimation",
    "FireAccuracy",
    "EnergyChargeRequire",
    "ReloadTime",
    "ExtPrams",
    "FireBurstCount",
    "LockonRange",
    "FireBurstInterval",
    "FireCount",
    "FireInterval",
    "FireLoadSe",
    "FireRecoil",
    "FireSe",
    "FireSpreadType",
    "FireSpreadWidth",
    "LockonHoldTime",
    "LockonType",
    "ShellCase_CustomParameter",
    "Lockon_DistributionType",
    "Lockon_FireEndToClear",
    "ModelConstraint",
    "MuzzleFlash_CustomParameter",
    "ReloadAnimation",
    "ShellCase",
    "ShellCaseDischargeSe",
    "throw",
    "animation_model",
    "custom_parameter",
    "name.en",
    "name.ja",
    "name.kr",
    "name.sc",
    "resource",
    "use_underground",
    "arms_l",
    "xgs_scene_object_class",
    "Weapon_Sub",
    "aim_no_ik",
    "long_press_count",
    "animation",
    "animation_speed",
    "show_throw_guide",
    "whole_body",
    "throwL_swing",
    "always_show",
    "ブリンク・フォーク",
    "Blink Fork",
    "閃光型瞬彈",
    "블링크 포크",
    "闪光型瞬弹",
    "app:/weapon/icon/plasma_gr.dds",
    "app:/Weapon/p_grenade_plasmagrenade01.rab",
    "p_grenade_plasmagrenade01.mdb",
    "app:/Weapon/p_grenade_plasmagrenade01.cas",
    "throw_change1",
    "throw_reload1",
    "e5w_WDnew_range_blinkBallFalk",
    "PlasmaBullet01",
    "shield",
    "is_hit_explosion",
    "is_timer_explosion",
    "common_damages_impactPlasma_M",
    ""
  ]
}