{
  "format": "DSGO",
  "endian": "LE",
  "data": {
    "xgs_scene_object_class": "Weapon_Sub",
    "custom_parameter": {
      "animation": "throwL_swing_short",
      "whole_body": 0,
      "animation_speed": 1,
      "is_manual_reload": 0,
      "is_ignore_friend": 0,
      "is_auto_lockon": 1
    },
    "use_underground": 1,
    "FireCondition": 0,
    "name.ja": "誘導グレネード４",
    "name.en": "Guided Grenade 4",
    "name.cn": "導引榴彈４",
    "name.kr": "유도 그레네이드 4",
    "name.sc": "导引榴弹４",
    "WeaponIcon": "app:/weapon/icon/g_unknown.dds",
    "animation_model": [
      ["app:/Weapon/p_grenade_unknown.rab", "p_grenade_unknown.mdb"],
      "app:/Weapon/p_grenade_unknown.cas",
      {
        "$SGOTT_EMBED": true,
        "format": "hex",
        "data": "4d4142000f000000830000000300020003002a00240000005c00000080000000d0000000000001001800000001000000300000000200000028000000940000009a00000002000000540000006400000044000000000000007400000020000000200000008e0000000000000010000000100000007400000000000000babababa0000000000000000000000000000803f000000008fc2753d000000000000803fcdcc4c3dcdcc4c3dcdcc4c3d0000803f53474f000201000000000000200000000000000020000000000000002000000030003100000062006f00640079000000680069006400650000007300740061006e006400620079000000"
      }
    ],
    "ModelConstraint": ["arms_l"],
    "BaseAnimation": "throw",
    "AimAnimation": "aim_no_ik",
    "ChangeAnimation": "throw_change1",
    "ReloadAnimation": "throw_reload1",
    "AmmoCount": 1,
    "EnergyChargeRequire": [-1, -1],
    "ReloadType": 1,
    "ReloadInit": 1,
    "ReloadTime": [400, 21, 2, 8, 1, 0.5, 0],
    "AngleAdjust": 0,
    "LockonType": 5,
    "LockonTargetType": 0,
    "Lockon_DistributionType": 1,
    "Lockon_FireEndToClear": 0,
    "Lockon_AutoTimeOut": 0,
    "LockonRange": 200,
    "LockonAngle": [0.10000000149011612, 0.10000000149011612],
    "LockonTime": 4,
    "LockonFailedTime": 0,
    "LockonHoldTime": 1,
    "FireType": 0,
    "FireSpreadType": 1,
    "FireSpreadWidth": 0.699999988079071,
    "FireCount": [4, 4, 0, 8, 0.5, 0.5, 0],
    "FireInterval": 0,
    "FireBurstCount": 1,
    "FireBurstInterval": 0,
    "FireAccuracy": 0,
    "FireRecoil": 0.10000000149011612,
    "FireVector": null,
    "FireSe": [0, "e5w_WDnew_homing_mirageZero", 0.8999999761581421, 1, 2, 25],
    "FireLoadSe": null,
    "ShellCaseDischargeSe": null,
    "SecondaryFire_Type": 0,
    "SecondaryFire_Parameter": [0],
    "AmmoClass": "HomingLaserBullet01",
    "AmmoModel": 0,
    "AmmoSpeed": 1,
    "AmmoOwnerMove": 0,
    "AmmoGravityFactor": 0,
    "AmmoAlive": 300,
    "AmmoDamage": [30, 8, 1, 8, 0.5, 0.5, 1],
    "AmmoDamageReduce": [1, 1],
    "AmmoExplosion": [5, 32, 3, 8, 0.5, 0.5, 1],
    "AmmoIsPenetration": 0,
    "AmmoSize": 0.10000000149011612,
    "AmmoHitSizeAdjust": 0.5,
    "AmmoHitImpulseAdjust": 1,
    "AmmoColor": [2, 0.699999988079071, 0.699999988079071, 0.5],
    "Ammo_CustomParameter": [
      2,
      0,
      30,
      0.20000000298023224,
      1,
      1,
      0,
      0,
      1,
      null
    ],
    "Ammo_EquipVoice": null,
    "AmmoHitSe": [
      0,
      "common_damages_impactWD_homingMirage",
      0.8999999761581421,
      1,
      1,
      100
    ],
    "MuzzleFlash": "",
    "MuzzleFlash_CustomParameter": null,
    "ShellCase": ["", "", 0],
    "ShellCase_CustomParameter": null,
    "ExtPrams": [1]
  },
  "strings": [
    "AmmoExplosion",
    "LockonTargetType",
    "BaseAnimation",
    "AmmoColor",
    "LockonAngle",
    "AimAnimation",
    "WeaponIcon",
    "Lockon_AutoTimeOut",
    "ReloadType",
    "MuzzleFlash",
    "AmmoAlive",
    "FireVector",
    "FireType",
    "AmmoClass",
    "AmmoDamageReduce",
    "유도 그레네이드 4",
    "AmmoDamage",
    "AmmoGravityFactor",
    "AmmoCount",
    "SecondaryFire_Type",
    "AmmoHitImpulseAdjust",
    "AmmoHitSe",
    "AmmoHitSizeAdjust",
    "AmmoIsPenetration",
    "is_manual_reload",
    "AmmoModel",
    "AmmoOwnerMove",
    "FireCondition",
    "AmmoSize",
    "AmmoSpeed",
    "ReloadInit",
    "Ammo_CustomParameter",
    "LockonTime",
    "Ammo_EquipVoice",
    "AngleAdjust",
    "name.cn",
    "SecondaryFire_Parameter",
    "LockonFailedTime",
    "ChangeAnimation",
    "FireAccuracy",
    "EnergyChargeRequire",
    "ReloadTime",
    "ExtPrams",
    "FireBurstCount",
    "LockonRange",
    "FireBurstInterval",
    "FireCount",
    "FireInterval",
    "app:/Weapon/p_grenade_unknown.rab",
    "FireLoadSe",
    "FireRecoil",
    "FireSe",
    "FireSpreadType",
    "FireSpreadWidth",
    "LockonHoldTime",
    "LockonType",
    "ShellCase_CustomParameter",
    "Lockon_DistributionType",
    "Lockon_FireEndToClear",
    "name.en",
    "ModelConstraint",
    "common_damages_impactWD_homingMirage",
    "MuzzleFlash_CustomParameter",
    "ReloadAnimation",
    "ShellCase",
    "ShellCaseDischargeSe",
    "throw",
    "animation_model",
    "custom_parameter",
    "name.ja",
    "name.kr",
    "name.sc",
    "use_underground",
    "arms_l",
    "xgs_scene_object_class",
    "Weapon_Sub",
    "aim_no_ik",
    "animation",
    "animation_speed",
    "is_auto_lockon",
    "is_ignore_friend",
    "whole_body",
    "throwL_swing_short",
    "誘導グレネード４",
    "Guided Grenade 4",
    "導引榴彈４",
    "导引榴弹４",
    "app:/weapon/icon/g_unknown.dds",
    "p_grenade_unknown.mdb",
    "app:/Weapon/p_grenade_unknown.cas",
    "throw_change1",
    "throw_reload1",
    "e5w_WDnew_homing_mirageZero",
    "HomingLaserBullet01",
    ""
  ]
}