{
  "format": "DSGO",
  "endian": "LE",
  "data": {
    "xgs_scene_object_class": "Weapon_HomingShoot",
    "custom_parameter": ["hand_recoil3", 0, 0, 1],
    "use_underground": 1,
    "FireCondition": 0,
    "name.ja": "ガイスト２",
    "name.en": "Geist 2",
    "name.cn": "靈魄２",
    "name.kr": "가이스트 2",
    "name.sc": "灵魄２",
    "WeaponIcon": "app:/weapon/icon/geist.dds",
    "animation_model": [
      ["app:/Weapon/p_homing_geist01.rab", "p_homing_geist01.mdb"],
      0,
      {
        "$SGOTT_EMBED": true,
        "format": "hex",
        "data": "4d4142000f000000830000000300000005002e00240000007c00000080000000f0000000000001001800000001000100300000000200000048000000b4000000c00000000200000054000000640000004400000000000000940000009a000000a0000000020000005400000044000000640000000000000074000000babababa0000000000000000000000000000803f00000000f4fdd43d713d9a3f0000803fcdcc4c3dcdcc4c3dcdcc4c3d0000803f15aa5b3d0bb691bc5edb9bbd0000803f95512ac06674a7bf44f23bbf0000803f53474f000201000000000000200000000000000020000000000000002000000030003100000049004b00000070005f0068006f006d0069006e0067005f0067006500690073007400300031000000"
      }
    ],
    "ModelConstraint": ["arms_r"],
    "BaseAnimation": "hand",
    "AimAnimation": "aim",
    "ChangeAnimation": "hand_change1",
    "ReloadAnimation": "hand_reload1",
    "AmmoCount": 1,
    "EnergyChargeRequire": [[10.248600006103516, 45, 5, 8, 0.5, 0.5, 1], 7],
    "ReloadType": 0,
    "ReloadInit": 1,
    "ReloadTime": [72, 21, 1, 8, 1, 0.5, 0],
    "AngleAdjust": 0,
    "LockonType": 3,
    "LockonTargetType": 0,
    "Lockon_DistributionType": 1,
    "Lockon_FireEndToClear": 0,
    "Lockon_AutoTimeOut": 0,
    "LockonRange": [300, 36, 3, 5, 0.6000000238418579, 0.8999999761581421, 1],
    "LockonAngle": [0.4000000059604645, 0.3499999940395355],
    "LockonTime": [4, 41, 4, 7, 0.8999999761581421, 1.5, 0],
    "LockonFailedTime": 0,
    "LockonHoldTime": 1,
    "FireType": 0,
    "FireSpreadType": 0,
    "FireSpreadWidth": 0,
    "FireCount": 1,
    "FireInterval": 0,
    "FireBurstCount": 1,
    "FireBurstInterval": 0,
    "FireAccuracy": 0.05000000074505806,
    "FireRecoil": 0.6000000238418579,
    "FireVector": null,
    "FireSe": [0, "e5w_WDnew_homing_geist2", 0.949999988079071, 1, 2, 25],
    "FireLoadSe": null,
    "ShellCaseDischargeSe": null,
    "SecondaryFire_Type": 0,
    "SecondaryFire_Parameter": [0],
    "AmmoClass": "HomingLaserBullet01",
    "AmmoModel": 0,
    "AmmoSpeed": 0.18000000715255737,
    "AmmoOwnerMove": 0,
    "AmmoGravityFactor": 0,
    "AmmoAlive": 2777,
    "AmmoDamage": [200, 8, 0, 8, 0.5, 0.5, 1],
    "AmmoDamageAttribute": {"shield": 0.20000000298023224},
    "AmmoDamageReduce": [1, 1],
    "AmmoExplosion": [12, 32, 2, 5, 0.5, 0.5, 1],
    "AmmoIsPenetration": 0,
    "AmmoSize": 0.6000000238418579,
    "AmmoHitSizeAdjust": 0.5,
    "AmmoHitImpulseAdjust": 1,
    "AmmoColor": [2, 0.699999988079071, 1, 0.5],
    "Ammo_CustomParameter": [
      2,
      0,
      30,
      0.009999999776482582,
      1,
      0.36000001430511475,
      60,
      0,
      1,
      null
    ],
    "Ammo_EquipVoice": null,
    "AmmoHitSe": [
      0,
      "common_damages_impactWD_homingGeist",
      0.8999999761581421,
      1,
      1,
      100
    ],
    "MuzzleFlash": "",
    "MuzzleFlash_CustomParameter": null,
    "ShellCase": ["", "", 0],
    "ShellCase_CustomParameter": null,
    "ExtPrams": [1]
  },
  "strings": [
    "LockonTargetType",
    "BaseAnimation",
    "AmmoColor",
    "LockonAngle",
    "AimAnimation",
    "AmmoModel",
    "AmmoDamageAttribute",
    "WeaponIcon",
    "Lockon_AutoTimeOut",
    "ReloadType",
    "MuzzleFlash",
    "AmmoAlive",
    "FireVector",
    "FireType",
    "AmmoClass",
    "AmmoDamageReduce",
    "AmmoDamage",
    "AmmoGravityFactor",
    "AmmoCount",
    "AmmoExplosion",
    "SecondaryFire_Type",
    "AmmoHitImpulseAdjust",
    "AmmoHitSe",
    "AmmoHitSizeAdjust",
    "AmmoIsPenetration",
    "AmmoOwnerMove",
    "FireCondition",
    "AmmoSize",
    "AmmoSpeed",
    "ReloadInit",
    "Ammo_CustomParameter",
    "LockonTime",
    "Ammo_EquipVoice",
    "AngleAdjust",
    "name.cn",
    "SecondaryFire_Parameter",
    "LockonFailedTime",
    "ChangeAnimation",
    "FireAccuracy",
    "EnergyChargeRequire",
    "ReloadTime",
    "ExtPrams",
    "FireBurstCount",
    "LockonRange",
    "FireBurstInterval",
    "FireCount",
    "FireInterval",
    "FireLoadSe",
    "FireRecoil",
    "FireSe",
    "FireSpreadType",
    "FireSpreadWidth",
    "LockonHoldTime",
    "LockonType",
    "ShellCase_CustomParameter",
    "Lockon_DistributionType",
    "Lockon_FireEndToClear",
    "ModelConstraint",
    "MuzzleFlash_CustomParameter",
    "ReloadAnimation",
    "ShellCase",
    "ShellCaseDischargeSe",
    "animation_model",
    "custom_parameter",
    "name.en",
    "name.ja",
    "name.kr",
    "name.sc",
    "use_underground",
    "xgs_scene_object_class",
    "Weapon_HomingShoot",
    "hand_recoil3",
    "ガイスト２",
    "Geist 2",
    "靈魄２",
    "灵魄２",
    "가이스트 2",
    "app:/weapon/icon/geist.dds",
    "app:/Weapon/p_homing_geist01.rab",
    "p_homing_geist01.mdb",
    "arms_r",
    "hand",
    "aim",
    "hand_change1",
    "hand_reload1",
    "e5w_WDnew_homing_geist2",
    "HomingLaserBullet01",
    "shield",
    "common_damages_impactWD_homingGeist",
    ""
  ]
}