{
  "format": "DSGO",
  "endian": "LE",
  "data": {
    "xgs_scene_object_class": "Weapon_ChargeShoot",
    "custom_parameter": ["recoil_lance_heavy", 0, 1, 1, 2, 0.5, 7],
    "use_underground": 1,
    "FireCondition": 0,
    "name.ja": "ドラグーンランスＷ",
    "name.en": "Dragoon Lance W",
    "name.cn": "龍騎士長鎗Ｗ",
    "name.kr": "드러군 랜스 W",
    "name.sc": "龙骑士长枪Ｗ",
    "WeaponIcon": "app:/weapon/icon/holylance.dds",
    "Sight_animation_model": [["app:/HUD/sight09.rab", "sight09.mdb"], 0, 0],
    "animation_model": [
      ["app:/Weapon/p_lance_holylance01.rab", "p_lance_holylance01.mdb"],
      0,
      {
        "$SGOTT_EMBED": true,
        "format": "hex",
        "data": "4d4142000f000000830000000300000005003400240000007c00000080000000f0000000000001001800000001000100300000000200000048000000b4000000c00000000200000054000000640000004400000000000000940000009a000000a0000000020000005400000044000000640000000000000074000000babababa0000000000000000000000000000803f0000000060e5d03dee7ccf3f0000803fcdcc4c3dcdcc4c3dcdcc4c3d0000803f43c6a33df65f673d492b3e3e0000803fdc17ccbf92198dbe977708c00000803f53474f000201000000000000200000000000000020000000000000002000000030003100000049004b00000070005f006c0061006e00630065005f0068006f006c0079006c0061006e0063006500300031000000"
      }
    ],
    "ModelConstraint": ["arms_r"],
    "BaseAnimation": "waist",
    "AimAnimation": "aim",
    "ChangeAnimation": "waist_change1",
    "ReloadAnimation": "waist_reload1",
    "AmmoCount": [2, 0, 0, 2, 0.5, 0.5, 0],
    "EnergyChargeRequire": [[108.15005493164062, 45, 4, 8, 0.5, 0.5, 1], 30],
    "ReloadType": 0,
    "ReloadInit": 1,
    "ReloadTime": [110, 21, 3, 5, 1, 0.5, 0],
    "AngleAdjust": 0,
    "LockonType": 0,
    "LockonTargetType": 0,
    "Lockon_DistributionType": 0,
    "Lockon_FireEndToClear": 1,
    "Lockon_AutoTimeOut": 1,
    "LockonRange": 0,
    "LockonAngle": [0.30000001192092896, 0.30000001192092896],
    "LockonTime": 0,
    "LockonFailedTime": 0,
    "LockonHoldTime": 0,
    "FireType": 0,
    "FireSpreadType": 0,
    "FireSpreadWidth": 0,
    "FireCount": 1,
    "FireInterval": 1,
    "FireBurstCount": 2,
    "FireBurstInterval": 12,
    "FireAccuracy": 0.019999999552965164,
    "FireRecoil": 0.4000000059604645,
    "FireVector": null,
    "FireSe": [
      0,
      "e5w_WDnew_short_dragoonLanceW",
      0.8999999761581421,
      1,
      2,
      25
    ],
    "FireLoadSe": null,
    "ShellCaseDischargeSe": null,
    "SecondaryFire_Type": 0,
    "SecondaryFire_Parameter": [0],
    "AmmoClass": "LaserBullet01",
    "AmmoModel": 0,
    "AmmoSpeed": [16, 16, 2, 9, 0.5, 1.100000023841858, 1],
    "AmmoOwnerMove": 0,
    "AmmoGravityFactor": 0,
    "AmmoAlive": 8,
    "AmmoDamage": [5500, 8, 1, 8, 0.5, 0.5, 1],
    "AmmoDamageReduce": [0.05000000074505806, 1.5],
    "AmmoExplosion": 0,
    "AmmoIsPenetration": 1,
    "AmmoSize": 1.2000000476837158,
    "AmmoHitSizeAdjust": 1,
    "AmmoHitImpulseAdjust": 0.10000000149011612,
    "AmmoColor": [0.800000011920929, 3, 0.800000011920929, 1],
    "Ammo_CustomParameter": [
      [1, 1, 1, 1],
      [2, 2, 2, 2],
      12,
      9,
      20,
      20,
      0,
      1.5,
      1.600000023841858,
      0.5,
      10
    ],
    "Ammo_EquipVoice": null,
    "AmmoHitSe": null,
    "MuzzleFlash": "LaserMuzzleFlash02",
    "MuzzleFlash_CustomParameter": [
      "マズルフラッシュ01.dds",
      4.5,
      0.3499999940395355,
      3.140000104904175,
      3,
      10,
      1,
      7,
      [0.4000000059604645, 2.200000047683716, 0.800000011920929, 10],
      -0.20000000298023224
    ],
    "ShellCase": ["", "", 0],
    "ShellCase_CustomParameter": null,
    "ExtPrams": [1]
  },
  "strings": [
    "AmmoExplosion",
    "LockonTargetType",
    "BaseAnimation",
    "AmmoColor",
    "LockonAngle",
    "AimAnimation",
    "WeaponIcon",
    "Lockon_AutoTimeOut",
    "ReloadType",
    "MuzzleFlash",
    "AmmoAlive",
    "FireVector",
    "FireType",
    "AmmoClass",
    "AmmoDamageReduce",
    "AmmoDamage",
    "AmmoGravityFactor",
    "AmmoCount",
    "SecondaryFire_Type",
    "AmmoHitImpulseAdjust",
    "AmmoHitSe",
    "AmmoHitSizeAdjust",
    "AmmoIsPenetration",
    "AmmoModel",
    "AmmoOwnerMove",
    "FireCondition",
    "AmmoSize",
    "AmmoSpeed",
    "ReloadInit",
    "Ammo_CustomParameter",
    "LockonTime",
    "Ammo_EquipVoice",
    "AngleAdjust",
    "name.cn",
    "SecondaryFire_Parameter",
    "LockonFailedTime",
    "ChangeAnimation",
    "FireAccuracy",
    "EnergyChargeRequire",
    "ReloadTime",
    "ExtPrams",
    "FireBurstCount",
    "LockonRange",
    "FireBurstInterval",
    "FireCount",
    "FireInterval",
    "FireLoadSe",
    "FireRecoil",
    "FireSe",
    "FireSpreadType",
    "waist_reload1",
    "FireSpreadWidth",
    "Sight_animation_model",
    "LockonHoldTime",
    "LockonType",
    "ShellCase_CustomParameter",
    "Lockon_DistributionType",
    "Lockon_FireEndToClear",
    "ModelConstraint",
    "MuzzleFlash_CustomParameter",
    "ReloadAnimation",
    "ShellCase",
    "ShellCaseDischargeSe",
    "animation_model",
    "custom_parameter",
    "name.en",
    "name.ja",
    "name.kr",
    "name.sc",
    "use_underground",
    "xgs_scene_object_class",
    "Weapon_ChargeShoot",
    "recoil_lance_heavy",
    "ドラグーンランスＷ",
    "Dragoon Lance W",
    "龍騎士長鎗Ｗ",
    "드러군 랜스 W",
    "龙骑士长枪Ｗ",
    "app:/weapon/icon/holylance.dds",
    "app:/HUD/sight09.rab",
    "sight09.mdb",
    "app:/Weapon/p_lance_holylance01.rab",
    "p_lance_holylance01.mdb",
    "arms_r",
    "waist",
    "aim",
    "waist_change1",
    "e5w_WDnew_short_dragoonLanceW",
    "LaserBullet01",
    "LaserMuzzleFlash02",
    "マズルフラッシュ01.dds",
    ""
  ]
}