{
  "format": "DSGO",
  "endian": "LE",
  "data": {
    "xgs_scene_object_class": "Weapon_BasicShoot",
    "custom_parameter": ["waist_recoil3", 0, 0, 1],
    "use_underground": 1,
    "FireCondition": 0,
    "name.ja": "スパークバインＹＡ６",
    "name.en": "Spark Vine YA6",
    "name.cn": "雷光蔓ＹＡ６",
    "name.kr": "스파크 바인 YA6",
    "name.sc": "雷光蔓ＹＡ６",
    "WeaponIcon": "app:/weapon/icon/lazerspear.dds",
    "Sight_animation_model": [["app:/HUD/sight09.rab", "sight09.mdb"], 0, 0],
    "animation_model": [
      ["app:/Weapon/p_lance_lazerspear01.rab", "p_lance_lazerspear01.mdb"],
      0,
      {
        "$SGOTT_EMBED": true,
        "format": "hex",
        "data": "4d4142000f000000830000000300000005003600240000007c00000080000000f0000000000001001800000001000100300000000200000048000000b4000000c00000000200000054000000640000004400000000000000940000009a000000a0000000020000005400000044000000640000000000000074000000babababa0000000000000000000000000000803f000000001b2fdd3ddf4fbd3f0000803fcdcc4c3dcdcc4c3dcdcc4c3d0000803f0762b93d282c713d3b01953e0000803f8bbca6bfa50eafbef1ef19c00000803f53474f000201000000000000200000000000000020000000000000002000000030003100000049004b00000070005f006c0061006e00630065005f006c0061007a006500720073007000650061007200300031000000"
      }
    ],
    "ModelConstraint": ["arms_r"],
    "BaseAnimation": "waist",
    "AimAnimation": "aim",
    "ChangeAnimation": "waist_change1",
    "ReloadAnimation": "waist_reload1",
    "AmmoCount": [20, 0, 0, 8, 0.5, 0.5, 0],
    "EnergyChargeRequire": [[44.87771987915039, 45, 5, 8, 0.5, 0.5, 1], 19],
    "ReloadType": 0,
    "ReloadInit": 1,
    "ReloadTime": [90, 21, 4, 5, 1, 0.5, 0],
    "AngleAdjust": 0,
    "LockonType": 0,
    "LockonTargetType": 0,
    "Lockon_DistributionType": 0,
    "Lockon_FireEndToClear": 1,
    "Lockon_AutoTimeOut": 1,
    "LockonRange": 0,
    "LockonAngle": [0.30000001192092896, 0.30000001192092896],
    "LockonTime": 0,
    "LockonFailedTime": 0,
    "LockonHoldTime": 0,
    "FireType": 0,
    "FireSpreadType": 0,
    "FireSpreadWidth": 0,
    "FireCount": [6, 4, 1, 4, 0.5, 0.5, 0],
    "FireInterval": 60,
    "FireBurstCount": 1,
    "FireBurstInterval": 0,
    "FireAccuracy": 0,
    "FireRecoil": 0.4000000059604645,
    "FireVector": null,
    "FireSe": [
      0,
      "e5w_WDnew_short_sparkLancer20T",
      0.8999999761581421,
      1,
      2,
      25
    ],
    "FireLoadSe": null,
    "ShellCaseDischargeSe": null,
    "SecondaryFire_Type": 0,
    "SecondaryFire_Parameter": [0],
    "AmmoClass": "LightningBullet01",
    "AmmoModel": 0,
    "AmmoSpeed": [2.4000000953674316, 16, 3, 5, 0.5, 0.5, 1],
    "AmmoOwnerMove": 0,
    "AmmoGravityFactor": 0,
    "AmmoAlive": 32,
    "AmmoDamage": [110, 8, 2, 8, 0.5, 0.5, 1],
    "AmmoDamageReduce": [1, 1],
    "AmmoExplosion": 0,
    "AmmoIsPenetration": 0,
    "AmmoSize": 0.5,
    "AmmoHitSizeAdjust": 1,
    "AmmoHitImpulseAdjust": 0.25,
    "AmmoColor": [
      0.3499999940395355,
      0.800000011920929,
      0.30000001192092896,
      1
    ],
    "Ammo_CustomParameter": [4, 0.5, 0.5, 1, 3, 0.10000000149011612],
    "Ammo_EquipVoice": null,
    "AmmoHitSe": null,
    "MuzzleFlash": "LaserMuzzleFlash01",
    "MuzzleFlash_CustomParameter": [
      "Particle3_k.dds",
      1,
      [0.4000000059604645, 0.17499999701976776, 0.15000000596046448, 1],
      18
    ],
    "ShellCase": ["", "", 0],
    "ShellCase_CustomParameter": null,
    "ExtPrams": [1]
  },
  "strings": [
    "AmmoExplosion",
    "LockonTargetType",
    "BaseAnimation",
    "AmmoColor",
    "LockonAngle",
    "AimAnimation",
    "WeaponIcon",
    "Lockon_AutoTimeOut",
    "ReloadType",
    "MuzzleFlash",
    "AmmoAlive",
    "FireVector",
    "FireType",
    "AmmoClass",
    "AmmoDamageReduce",
    "AmmoDamage",
    "AmmoGravityFactor",
    "AmmoCount",
    "SecondaryFire_Type",
    "AmmoHitImpulseAdjust",
    "AmmoHitSe",
    "AmmoHitSizeAdjust",
    "AmmoIsPenetration",
    "AmmoModel",
    "AmmoOwnerMove",
    "FireCondition",
    "AmmoSize",
    "AmmoSpeed",
    "ReloadInit",
    "Ammo_CustomParameter",
    "LockonTime",
    "Ammo_EquipVoice",
    "AngleAdjust",
    "name.cn",
    "SecondaryFire_Parameter",
    "LockonFailedTime",
    "ChangeAnimation",
    "FireAccuracy",
    "EnergyChargeRequire",
    "ReloadTime",
    "ExtPrams",
    "FireBurstCount",
    "app:/weapon/icon/lazerspear.dds",
    "LockonRange",
    "FireBurstInterval",
    "FireCount",
    "FireInterval",
    "FireLoadSe",
    "FireRecoil",
    "FireSe",
    "Spark Vine YA6",
    "FireSpreadType",
    "waist_reload1",
    "FireSpreadWidth",
    "Sight_animation_model",
    "LockonHoldTime",
    "LockonType",
    "ShellCase_CustomParameter",
    "Lockon_DistributionType",
    "Lockon_FireEndToClear",
    "ModelConstraint",
    "MuzzleFlash_CustomParameter",
    "ReloadAnimation",
    "ShellCase",
    "ShellCaseDischargeSe",
    "animation_model",
    "custom_parameter",
    "name.en",
    "name.ja",
    "name.kr",
    "name.sc",
    "use_underground",
    "xgs_scene_object_class",
    "Weapon_BasicShoot",
    "waist_recoil3",
    "スパークバインＹＡ６",
    "雷光蔓ＹＡ６",
    "스파크 바인 YA6",
    "app:/HUD/sight09.rab",
    "sight09.mdb",
    "e5w_WDnew_short_sparkLancer20T",
    "app:/Weapon/p_lance_lazerspear01.rab",
    "p_lance_lazerspear01.mdb",
    "arms_r",
    "waist",
    "aim",
    "waist_change1",
    "LightningBullet01",
    "LaserMuzzleFlash01",
    "Particle3_k.dds",
    ""
  ]
}