{
  "format": "DSGO",
  "endian": "LE",
  "data": {
    "xgs_scene_object_class": "Weapon_ChargeShoot",
    "custom_parameter": ["waist_recoil2", 0, 0, 1, 1, 0.012500000186264515, 57],
    "use_underground": 1,
    "FireCondition": 0,
    "name.ja": "スプラッシャーＡＺ",
    "name.en": "Splasher AZ",
    "name.cn": "飛濺砲ＡＺ",
    "name.kr": "스플래셔 AZ",
    "name.sc": "飞溅炮ＡＺ",
    "WeaponIcon": "app:/weapon/icon/shower.dds",
    "Sight_animation_model": [["app:/HUD/sight11.rab", "sight11.mdb"], 0, 0],
    "animation_model": [
      ["app:/Weapon/p_launcher_shower.rab", "p_launcher_shower.mdb"],
      0,
      {
        "$SGOTT_EMBED": true,
        "format": "hex",
        "data": "4d4142000f000000830000000300000005003000240000007c00000080000000f0000000000001001800000001000100300000000200000048000000b4000000c00000000200000054000000640000004400000000000000940000009a000000a0000000020000005400000044000000640000000000000074000000babababa0000000000000000000000000000803f00000000643bdf3d7593583f0000803fcdcc4c3dcdcc4c3dcdcc4c3d0000803fd95eab3d92080d3be65b873e0000803fc8e9c6bf06691fbe0f9112c00000803f53474f000201000000000000200000000000000020000000000000002000000030003100000049004b00000070005f006c00610075006e0063006800650072005f00730068006f007700650072000000"
      }
    ],
    "ModelConstraint": ["arms_r"],
    "BaseAnimation": "waist",
    "AimAnimation": "aim",
    "ChangeAnimation": "waist_change1",
    "ReloadAnimation": "waist_reload1",
    "AmmoCount": [40, 0, 0, 5, 0.5, 0.5, 0],
    "EnergyChargeRequire": [[123.3736572265625, 45, 7, 8, 0.5, 0.5, 1], 30],
    "ReloadType": 0,
    "ReloadInit": 1,
    "ReloadTime": [90, 21, 4, 7, 1, 0.5, 0],
    "AngleAdjust": 0,
    "LockonType": 0,
    "LockonTargetType": 0,
    "Lockon_DistributionType": 0,
    "Lockon_FireEndToClear": 1,
    "Lockon_AutoTimeOut": 1,
    "LockonRange": 0,
    "LockonAngle": [0.30000001192092896, 0.30000001192092896],
    "LockonTime": 0,
    "LockonFailedTime": 0,
    "LockonHoldTime": 0,
    "FireType": 0,
    "FireSpreadType": 0,
    "FireSpreadWidth": 0,
    "FireCount": [5, 4, 1, 4, 0.5, 0.5, 0],
    "FireInterval": 4,
    "FireBurstCount": 1,
    "FireBurstInterval": 0,
    "FireAccuracy": [0.10000000149011612, 13, 3, 6, 2, 0.5, 1],
    "FireRecoil": 0.20000000298023224,
    "FireVector": null,
    "FireSe": [0, "e5w_WDnew_range_splasherAZ", 0.8999999761581421, 1, 2, 25],
    "FireLoadSe": null,
    "ShellCaseDischargeSe": null,
    "SecondaryFire_Type": 0,
    "SecondaryFire_Parameter": [0],
    "AmmoClass": "PlasmaBullet01",
    "AmmoModel": 0,
    "AmmoSpeed": [3, 16, 5, 8, 0.800000011920929, 1.5, 1],
    "AmmoOwnerMove": 1,
    "AmmoGravityFactor": 4,
    "AmmoAlive": 300,
    "AmmoDamage": [25, 8, 2, 8, 0.5, 0.5, 1],
    "AmmoDamageReduce": [1, 1],
    "AmmoExplosion": [5, 32, 6, 10, 0.5, 0.5, 1],
    "AmmoIsPenetration": 0,
    "AmmoSize": 0.30000001192092896,
    "AmmoHitSizeAdjust": 1,
    "AmmoHitImpulseAdjust": 1,
    "AmmoColor": [
      0.10000000149011612,
      0.10000000149011612,
      0.4000000059604645,
      0.5
    ],
    "Ammo_CustomParameter": {
      "null": 6,
      "particle_density": 1,
      "grain_alive_time": 0
    },
    "Ammo_EquipVoice": null,
    "AmmoHitSe": [
      0,
      "common_damages_impactPlasma_S",
      0.6000000238418579,
      0.8909000158309937,
      1,
      200
    ],
    "MuzzleFlash": "",
    "MuzzleFlash_CustomParameter": null,
    "ShellCase": ["", "", 0],
    "ShellCase_CustomParameter": null,
    "ExtPrams": [1]
  },
  "strings": [
    "AmmoExplosion",
    "LockonTargetType",
    "BaseAnimation",
    "AmmoColor",
    "LockonAngle",
    "AimAnimation",
    "WeaponIcon",
    "Lockon_AutoTimeOut",
    "ReloadType",
    "MuzzleFlash",
    "AmmoAlive",
    "FireVector",
    "FireType",
    "AmmoClass",
    "AmmoDamageReduce",
    "AmmoDamage",
    "AmmoGravityFactor",
    "AmmoCount",
    "SecondaryFire_Type",
    "AmmoHitImpulseAdjust",
    "AmmoHitSe",
    "waist_recoil2",
    "AmmoHitSizeAdjust",
    "AmmoIsPenetration",
    "AmmoModel",
    "AmmoOwnerMove",
    "FireCondition",
    "AmmoSize",
    "AmmoSpeed",
    "ReloadInit",
    "Ammo_CustomParameter",
    "LockonTime",
    "Ammo_EquipVoice",
    "AngleAdjust",
    "name.cn",
    "SecondaryFire_Parameter",
    "LockonFailedTime",
    "ChangeAnimation",
    "FireAccuracy",
    "EnergyChargeRequire",
    "ReloadTime",
    "ExtPrams",
    "FireBurstCount",
    "LockonRange",
    "FireBurstInterval",
    "FireCount",
    "FireInterval",
    "FireLoadSe",
    "FireRecoil",
    "FireSe",
    "FireSpreadType",
    "waist_reload1",
    "FireSpreadWidth",
    "Sight_animation_model",
    "LockonHoldTime",
    "LockonType",
    "ShellCase_CustomParameter",
    "Lockon_DistributionType",
    "Lockon_FireEndToClear",
    "ModelConstraint",
    "MuzzleFlash_CustomParameter",
    "ReloadAnimation",
    "ShellCase",
    "ShellCaseDischargeSe",
    "animation_model",
    "custom_parameter",
    "name.en",
    "name.ja",
    "name.kr",
    "name.sc",
    "use_underground",
    "xgs_scene_object_class",
    "Weapon_ChargeShoot",
    "スプラッシャーＡＺ",
    "Splasher AZ",
    "飛濺砲ＡＺ",
    "스플래셔 AZ",
    "飞溅炮ＡＺ",
    "app:/weapon/icon/shower.dds",
    "app:/HUD/sight11.rab",
    "sight11.mdb",
    "app:/Weapon/p_launcher_shower.rab",
    "p_launcher_shower.mdb",
    "arms_r",
    "waist",
    "aim",
    "waist_change1",
    "e5w_WDnew_range_splasherAZ",
    "PlasmaBullet01",
    "grain_alive_time",
    "particle_density",
    "common_damages_impactPlasma_S",
    ""
  ]
}