{
  "format": "DSGO",
  "endian": "LE",
  "data": {
    "xgs_scene_object_class": "Weapon_Sub",
    "custom_parameter": {
      "animation": "throwL_swing",
      "whole_body": 0,
      "animation_speed": 1,
      "is_manual_reload": 0,
      "show_throw_guide": {"always_show": 0},
      "long_press_count": 216000
    },
    "use_underground": 1,
    "FireCondition": 0,
    "name.ja": "スターマイン",
    "name.en": "Starmine",
    "name.cn": "星光機雷",
    "name.kr": "스타 마인",
    "name.sc": "星光机雷",
    "WeaponIcon": "app:/weapon/icon/plasma_gr.dds",
    "animation_model": [
      [
        "app:/Weapon/p_grenade_plasmagrenade01.rab",
        "p_grenade_plasmagrenade01.mdb"
      ],
      "app:/Weapon/p_grenade_plasmagrenade01.cas",
      {
        "$SGOTT_EMBED": true,
        "format": "hex",
        "data": "4d4142000f000000830000000300020003002a00240000005c00000080000000d0000000000001001800000001000000300000000200000028000000940000009a00000002000000540000006400000044000000000000007400000020000000200000008e0000000000000010000000100000007400000000000000babababa0000000000000000000000000000803f000000008fc2753d000000000000803fcdcc4c3dcdcc4c3dcdcc4c3d0000803f53474f000201000000000000200000000000000020000000000000002000000030003100000062006f00640079000000680069006400650000007300740061006e006400620079000000"
      }
    ],
    "ModelConstraint": ["arms_l"],
    "BaseAnimation": "throw",
    "AimAnimation": "aim_no_ik",
    "ChangeAnimation": "throw_change1",
    "ReloadAnimation": "throw_reload1",
    "AmmoCount": 1,
    "EnergyChargeRequire": [-1, -1],
    "ReloadType": 1,
    "ReloadInit": 1,
    "ReloadTime": [120, 21, 3, 7, 1, 0.5, 0],
    "AngleAdjust": 0,
    "LockonType": 0,
    "LockonTargetType": 0,
    "Lockon_DistributionType": 0,
    "Lockon_FireEndToClear": 1,
    "Lockon_AutoTimeOut": 1,
    "LockonRange": 0,
    "LockonAngle": [0.30000001192092896, 0.30000001192092896],
    "LockonTime": 0,
    "LockonFailedTime": 0,
    "LockonHoldTime": 0,
    "FireType": 0,
    "FireSpreadType": 1,
    "FireSpreadWidth": 0.699999988079071,
    "FireCount": [30, 4, 0, 5, 0.5, 0.5, 0],
    "FireInterval": 0,
    "FireBurstCount": 1,
    "FireBurstInterval": 0,
    "FireAccuracy": [0.15000000596046448, 13, 2, 6, 2, 0.5, 1],
    "FireRecoil": 0,
    "FireVector": null,
    "FireSe": [0, "e5w_WDnew_range_blinkBall", 0.8999999761581421, 1, 2, 25],
    "FireLoadSe": null,
    "ShellCaseDischargeSe": null,
    "SecondaryFire_Type": 0,
    "SecondaryFire_Parameter": [0],
    "AmmoClass": "PlasmaBullet01",
    "AmmoModel": "app:/WEAPON/p_grenade_plasmagrenade01.rab",
    "AmmoSpeed": [0.10000000149011612, 16, 4, 8, 0.800000011920929, 1.5, 1],
    "AmmoOwnerMove": 0,
    "AmmoGravityFactor": 0,
    "AmmoAlive": 900,
    "AmmoDamage": [30, 8, 1, 8, 0.5, 0.5, 1],
    "AmmoDamageAttribute": {"shield": 4},
    "AmmoDamageReduce": [1, 1],
    "AmmoExplosion": [5, 32, 5, 10, 0.5, 0.5, 1],
    "AmmoIsPenetration": 0,
    "AmmoSize": 0.15000000596046448,
    "AmmoHitSizeAdjust": 25,
    "AmmoHitImpulseAdjust": 1,
    "AmmoColor": [2, 0.3499999940395355, 0.3499999940395355, 0.5],
    "Ammo_CustomParameter": {
      "null": 4,
      "is_timer_explosion": 1,
      "is_hit_explosion": 1,
      "random_speed": [0.20000000298023224, 1],
      "explosion_effect_scale": 0.5
    },
    "Ammo_EquipVoice": null,
    "AmmoHitSe": [
      0,
      "common_damages_impactPlasma_S",
      1,
      0.8909000158309937,
      1,
      200
    ],
    "MuzzleFlash": "",
    "MuzzleFlash_CustomParameter": null,
    "ShellCase": ["", "", 0],
    "ShellCase_CustomParameter": null,
    "ExtPrams": [1],
    "resource": ["app:/WEAPON/p_grenade_plasmagrenade01.rab"]
  },
  "strings": [
    "LockonTargetType",
    "BaseAnimation",
    "AmmoColor",
    "LockonAngle",
    "AimAnimation",
    "is_manual_reload",
    "AmmoModel",
    "e5w_WDnew_range_blinkBall",
    "AmmoDamageAttribute",
    "WeaponIcon",
    "Lockon_AutoTimeOut",
    "ReloadType",
    "MuzzleFlash",
    "AmmoAlive",
    "FireVector",
    "FireType",
    "AmmoClass",
    "AmmoDamageReduce",
    "AmmoDamage",
    "AmmoGravityFactor",
    "AmmoCount",
    "AmmoExplosion",
    "app:/WEAPON/p_grenade_plasmagrenade01.rab",
    "SecondaryFire_Type",
    "AmmoHitImpulseAdjust",
    "AmmoHitSe",
    "AmmoHitSizeAdjust",
    "AmmoIsPenetration",
    "AmmoOwnerMove",
    "FireCondition",
    "AmmoSize",
    "AmmoSpeed",
    "ReloadInit",
    "Ammo_CustomParameter",
    "LockonTime",
    "Ammo_EquipVoice",
    "AngleAdjust",
    "name.cn",
    "SecondaryFire_Parameter",
    "LockonFailedTime",
    "ChangeAnimation",
    "FireAccuracy",
    "EnergyChargeRequire",
    "ReloadTime",
    "ExtPrams",
    "FireBurstCount",
    "LockonRange",
    "FireBurstInterval",
    "FireCount",
    "FireInterval",
    "FireLoadSe",
    "FireRecoil",
    "FireSe",
    "FireSpreadType",
    "FireSpreadWidth",
    "LockonHoldTime",
    "LockonType",
    "ShellCase_CustomParameter",
    "Lockon_DistributionType",
    "Lockon_FireEndToClear",
    "ModelConstraint",
    "MuzzleFlash_CustomParameter",
    "ReloadAnimation",
    "ShellCase",
    "ShellCaseDischargeSe",
    "throw",
    "animation_model",
    "custom_parameter",
    "name.en",
    "name.ja",
    "name.kr",
    "name.sc",
    "resource",
    "use_underground",
    "arms_l",
    "xgs_scene_object_class",
    "Weapon_Sub",
    "aim_no_ik",
    "long_press_count",
    "animation",
    "animation_speed",
    "show_throw_guide",
    "whole_body",
    "throwL_swing",
    "always_show",
    "スターマイン",
    "Starmine",
    "星光機雷",
    "스타 마인",
    "星光机雷",
    "app:/weapon/icon/plasma_gr.dds",
    "app:/Weapon/p_grenade_plasmagrenade01.rab",
    "p_grenade_plasmagrenade01.mdb",
    "app:/Weapon/p_grenade_plasmagrenade01.cas",
    "throw_change1",
    "throw_reload1",
    "PlasmaBullet01",
    "shield",
    "explosion_effect_scale",
    "is_hit_explosion",
    "is_timer_explosion",
    "random_speed",
    "common_damages_impactPlasma_S",
    ""
  ]
}