{
  "format": "DSGO",
  "endian": "LE",
  "data": {
    "xgs_scene_object_class": "Weapon_BasicShoot",
    "custom_parameter": ["hand_recoil1", 1, 0, 1],
    "use_underground": 1,
    "FireCondition": 0,
    "name.ja": "レイピアＧ",
    "name.en": "Rapier G",
    "name.cn": "刺劍鎗Ｇ",
    "name.kr": "레이피어 G",
    "name.sc": "刺剑枪Ｇ",
    "WeaponIcon": "app:/weapon/icon/rapier.dds",
    "Sight_animation_model": [["app:/HUD/sight09.rab", "sight09.mdb"], 0, 0],
    "animation_model": [
      ["app:/Weapon/p_rapier_rapier01.rab", "p_rapier_rapier01.mdb"],
      0,
      {
        "$SGOTT_EMBED": true,
        "format": "hex",
        "data": "4d4142000f000000830000000300000005003000240000007c00000080000000f0000000000001001800000001000100300000000200000048000000b4000000c00000000200000054000000640000004400000000000000940000009a000000a0000000020000005400000044000000640000000000000074000000babababa0000000000000000000000000000803f00000000c0ec9e3d4a7c6e3f0000803fcdcc4c3dcdcc4c3dcdcc4c3d0000803f73b8563d392ba2bb2ec9a1bd0000803f41abf6bf5ffd9bbf8e31adbf0000803f53474f000201000000000000200000000000000020000000000000002000000030003100000049004b00000070005f007200610070006900650072005f00720061007000690065007200300031000000"
      }
    ],
    "ModelConstraint": ["arms_r"],
    "BaseAnimation": "hand",
    "AimAnimation": "aim",
    "ChangeAnimation": "hand_change1",
    "ReloadAnimation": "hand_reload1",
    "AmmoCount": [750, 0, 0, 8, 0.5, 0.5, 0],
    "EnergyChargeRequire": [[126.40660858154297, 45, 5, 8, 0.5, 0.5, 1], 80],
    "ReloadType": 0,
    "ReloadInit": 1,
    "ReloadTime": [30, 21, 4, 5, 1, 0.5, 0],
    "AngleAdjust": 0,
    "LockonType": 0,
    "LockonTargetType": 0,
    "Lockon_DistributionType": 0,
    "Lockon_FireEndToClear": 1,
    "Lockon_AutoTimeOut": 1,
    "LockonRange": 0,
    "LockonAngle": [0.30000001192092896, 0.30000001192092896],
    "LockonTime": 0,
    "LockonFailedTime": 0,
    "LockonHoldTime": 0,
    "FireType": 0,
    "FireSpreadType": 0,
    "FireSpreadWidth": 0,
    "FireCount": [6, 4, 1, 4, 0.5, 0.5, 0],
    "FireInterval": 1,
    "FireBurstCount": 1,
    "FireBurstInterval": 0,
    "FireAccuracy": 0.6000000238418579,
    "FireRecoil": 0.05999999865889549,
    "FireVector": null,
    "FireSe": [1, "e5w_WDnew_short_rapierG", 1, 1, 2, 25],
    "FireLoadSe": null,
    "ShellCaseDischargeSe": null,
    "SecondaryFire_Type": 0,
    "SecondaryFire_Parameter": [0],
    "AmmoClass": "LaserBullet01",
    "AmmoModel": 0,
    "AmmoSpeed": [10, 16, 3, 5, 0.5, 0.5, 1],
    "AmmoOwnerMove": 0,
    "AmmoGravityFactor": 0,
    "AmmoAlive": 3,
    "AmmoDamage": [7, 8, 2, 8, 0.5, 0.5, 1],
    "AmmoDamageReduce": [1, 1],
    "AmmoExplosion": 0,
    "AmmoIsPenetration": 0,
    "AmmoSize": 0.07500000298023224,
    "AmmoHitSizeAdjust": 1,
    "AmmoHitImpulseAdjust": 0.05000000074505806,
    "AmmoColor": [2, 0.5400000214576721, 0.4000000059604645, 0.5],
    "Ammo_CustomParameter": [
      [1, 1, 1, 1],
      [2, 2, 2, 2],
      5,
      3,
      4,
      0,
      0,
      1.5,
      1.600000023841858,
      0.5,
      5
    ],
    "Ammo_EquipVoice": null,
    "AmmoHitSe": null,
    "MuzzleFlash": "LaserMuzzleFlash01",
    "MuzzleFlash_CustomParameter": [
      "Particle3_k.dds",
      0.25,
      [0.3499999940395355, 0.7799999713897705, 0.38999998569488525, 0.5],
      7
    ],
    "ShellCase": ["", "", 0],
    "ShellCase_CustomParameter": null,
    "ExtPrams": [1]
  },
  "strings": [
    "AmmoExplosion",
    "LockonTargetType",
    "BaseAnimation",
    "AmmoColor",
    "LockonAngle",
    "AimAnimation",
    "WeaponIcon",
    "Lockon_AutoTimeOut",
    "ReloadType",
    "MuzzleFlash",
    "AmmoAlive",
    "FireVector",
    "FireType",
    "AmmoClass",
    "AmmoDamageReduce",
    "AmmoDamage",
    "AmmoGravityFactor",
    "AmmoCount",
    "SecondaryFire_Type",
    "AmmoHitImpulseAdjust",
    "AmmoHitSe",
    "AmmoHitSizeAdjust",
    "AmmoIsPenetration",
    "AmmoModel",
    "AmmoOwnerMove",
    "FireCondition",
    "AmmoSize",
    "AmmoSpeed",
    "ReloadInit",
    "Ammo_CustomParameter",
    "LockonTime",
    "Ammo_EquipVoice",
    "AngleAdjust",
    "name.cn",
    "SecondaryFire_Parameter",
    "LockonFailedTime",
    "ChangeAnimation",
    "FireAccuracy",
    "EnergyChargeRequire",
    "レイピアＧ",
    "ReloadTime",
    "ExtPrams",
    "FireBurstCount",
    "LockonRange",
    "FireBurstInterval",
    "FireCount",
    "FireInterval",
    "FireLoadSe",
    "刺剑枪Ｇ",
    "FireRecoil",
    "FireSe",
    "FireSpreadType",
    "FireSpreadWidth",
    "Sight_animation_model",
    "LockonHoldTime",
    "Rapier G",
    "LockonType",
    "ShellCase_CustomParameter",
    "Lockon_DistributionType",
    "Lockon_FireEndToClear",
    "ModelConstraint",
    "MuzzleFlash_CustomParameter",
    "ReloadAnimation",
    "ShellCase",
    "ShellCaseDischargeSe",
    "animation_model",
    "custom_parameter",
    "name.en",
    "name.ja",
    "name.kr",
    "name.sc",
    "use_underground",
    "xgs_scene_object_class",
    "Weapon_BasicShoot",
    "hand_recoil1",
    "刺劍鎗Ｇ",
    "레이피어 G",
    "app:/weapon/icon/rapier.dds",
    "app:/HUD/sight09.rab",
    "sight09.mdb",
    "app:/Weapon/p_rapier_rapier01.rab",
    "p_rapier_rapier01.mdb",
    "arms_r",
    "hand",
    "aim",
    "hand_change1",
    "hand_reload1",
    "e5w_WDnew_short_rapierG",
    "LaserBullet01",
    "LaserMuzzleFlash01",
    "Particle3_k.dds",
    ""
  ]
}