{
  "format": "DSGO",
  "endian": "LE",
  "data": {
    "xgs_scene_object_class": "Weapon_ChargeShoot",
    "custom_parameter": ["hand_recoil1", 1, 0, 1, 1.5, 0, 8],
    "use_underground": 1,
    "FireCondition": 0,
    "name.ja": "パルス・マシンガンＲ",
    "name.en": "Pulse Machine Gun R",
    "name.cn": "脈衝機鎗Ｒ",
    "name.kr": "펄스 머신건 R",
    "name.sc": "脉冲机枪Ｒ",
    "WeaponIcon": "app:/weapon/icon/ixyon.dds",
    "Sight_animation_model": [["app:/HUD/sight11.rab", "sight11.mdb"], 0, 0],
    "animation_model": [
      ["app:/Weapon/p_particlegun_ixyon01.rab", "p_particlegun_ixyon01.mdb"],
      0,
      {
        "$SGOTT_EMBED": true,
        "format": "hex",
        "data": "4d4142000f000000830000000300000005003800240000007c00000080000000f0000000000001001800000001000100300000000200000048000000b4000000c00000000200000054000000640000004400000000000000940000009a000000a0000000020000005400000044000000640000000000000074000000babababa0000000000000000000000000000803f000000003108ac3dfed4183f0000803fcdcc4c3dcdcc4c3dcdcc4c3d0000803f73b8563d83505ebca8c8a1bd0000803f52c703c03fc399bf93f99cbf0000803f53474f000201000000000000200000000000000020000000000000002000000030003100000049004b00000070005f007000610072007400690063006c006500670075006e005f006900780079006f006e00300031000000"
      }
    ],
    "ModelConstraint": ["arms_r"],
    "BaseAnimation": "hand",
    "AimAnimation": "aim",
    "ChangeAnimation": "hand_change1",
    "ReloadAnimation": "hand_reload1",
    "AmmoCount": [300, 0, 0, 10, 0.5, 1.100000023841858, 0],
    "EnergyChargeRequire": [[117.89508056640625, 45, 4, 8, 0.5, 0.5, 1], 110],
    "ReloadType": 0,
    "ReloadInit": 1,
    "ReloadTime": 160,
    "AngleAdjust": 0,
    "LockonType": 0,
    "LockonTargetType": 0,
    "Lockon_DistributionType": 0,
    "Lockon_FireEndToClear": 1,
    "Lockon_AutoTimeOut": 1,
    "LockonRange": 0,
    "LockonAngle": [0.30000001192092896, 0.30000001192092896],
    "LockonTime": 0,
    "LockonFailedTime": 0,
    "LockonHoldTime": 0,
    "FireType": 0,
    "FireSpreadType": 0,
    "FireSpreadWidth": 0,
    "FireCount": 1,
    "FireInterval": [4, 25, 2, 3, 0.5, 0.5, 0],
    "FireBurstCount": 1,
    "FireBurstInterval": 0,
    "FireAccuracy": [0.05000000074505806, 13, 5, 10, 0.5, 1, 1],
    "FireRecoil": 0.07500000298023224,
    "FireVector": null,
    "FireSe": [0, "e5w_WDnew_med_pulseMG_R", 0.699999988079071, 1, 2, 25],
    "FireLoadSe": null,
    "ShellCaseDischargeSe": null,
    "SecondaryFire_Type": 0,
    "SecondaryFire_Parameter": [0],
    "AmmoClass": "PulseBullet01",
    "AmmoModel": 0,
    "AmmoSpeed": [2.5, 16, 3, 5, 0.5, 0.5, 1],
    "AmmoOwnerMove": 3,
    "AmmoGravityFactor": 0,
    "AmmoAlive": 80,
    "AmmoDamage": [11.300000190734863, 8, 1, 8, 0.5, 0.5, 1],
    "AmmoDamageAttribute": {"shield": 1.5},
    "AmmoDamageReduce": [1, 1],
    "AmmoExplosion": [4, 32, 6, 8, 0.5, 0.5, 1],
    "AmmoIsPenetration": 0,
    "AmmoSize": 0.15000000596046448,
    "AmmoHitSizeAdjust": 1,
    "AmmoHitImpulseAdjust": 1,
    "AmmoColor": [
      0.18000000715255737,
      0.23999999463558197,
      0.36000001430511475,
      0.5
    ],
    "Ammo_CustomParameter": {"hit_effect_brightness": 0.5},
    "Ammo_EquipVoice": null,
    "AmmoHitSe": [
      0,
      "weapon_Common_impactWD_IxionLL",
      0.3499999940395355,
      1,
      1,
      25
    ],
    "MuzzleFlash": "LaserMuzzleFlash01",
    "MuzzleFlash_CustomParameter": [
      "Particle3_k.dds",
      0.25,
      [0.09000000357627869, 0.11999999731779099, 0.18000000715255737, 0.5],
      2
    ],
    "ShellCase": ["", "", 0],
    "ShellCase_CustomParameter": null,
    "ExtPrams": [1]
  },
  "strings": [
    "LockonTargetType",
    "BaseAnimation",
    "AmmoColor",
    "LockonAngle",
    "AimAnimation",
    "AmmoModel",
    "AmmoDamageAttribute",
    "WeaponIcon",
    "Lockon_AutoTimeOut",
    "ReloadType",
    "MuzzleFlash",
    "AmmoAlive",
    "FireVector",
    "FireType",
    "AmmoClass",
    "AmmoDamageReduce",
    "AmmoDamage",
    "AmmoGravityFactor",
    "AmmoCount",
    "AmmoExplosion",
    "SecondaryFire_Type",
    "AmmoHitImpulseAdjust",
    "AmmoHitSe",
    "AmmoHitSizeAdjust",
    "AmmoIsPenetration",
    "AmmoOwnerMove",
    "FireCondition",
    "AmmoSize",
    "AmmoSpeed",
    "ReloadInit",
    "Ammo_CustomParameter",
    "LockonTime",
    "Ammo_EquipVoice",
    "SecondaryFire_Parameter",
    "LockonFailedTime",
    "name.cn",
    "AngleAdjust",
    "ChangeAnimation",
    "FireAccuracy",
    "펄스 머신건 R",
    "EnergyChargeRequire",
    "ReloadTime",
    "ExtPrams",
    "FireBurstCount",
    "LockonRange",
    "FireBurstInterval",
    "FireCount",
    "FireInterval",
    "FireLoadSe",
    "FireRecoil",
    "FireSe",
    "FireSpreadType",
    "FireSpreadWidth",
    "Sight_animation_model",
    "LockonHoldTime",
    "LockonType",
    "ShellCase_CustomParameter",
    "Lockon_DistributionType",
    "Lockon_FireEndToClear",
    "ModelConstraint",
    "MuzzleFlash_CustomParameter",
    "ReloadAnimation",
    "ShellCase",
    "ShellCaseDischargeSe",
    "animation_model",
    "custom_parameter",
    "name.en",
    "name.ja",
    "name.kr",
    "name.sc",
    "use_underground",
    "xgs_scene_object_class",
    "Weapon_ChargeShoot",
    "hand_recoil1",
    "パルス・マシンガンＲ",
    "Pulse Machine Gun R",
    "脈衝機鎗Ｒ",
    "脉冲机枪Ｒ",
    "app:/weapon/icon/ixyon.dds",
    "app:/HUD/sight11.rab",
    "sight11.mdb",
    "app:/Weapon/p_particlegun_ixyon01.rab",
    "p_particlegun_ixyon01.mdb",
    "arms_r",
    "hand",
    "aim",
    "hand_change1",
    "hand_reload1",
    "e5w_WDnew_med_pulseMG_R",
    "PulseBullet01",
    "shield",
    "hit_effect_brightness",
    "weapon_Common_impactWD_IxionLL",
    "LaserMuzzleFlash01",
    "Particle3_k.dds",
    ""
  ]
}