{
  "format": "DSGO",
  "endian": "LE",
  "data": {
    "xgs_scene_object_class": "Weapon_PreChargeShoot",
    "custom_parameter": [
      "waist_recoil1",
      1,
      0,
      1,
      2,
      0.0005000000237487257,
      7,
      0
    ],
    "use_underground": 1,
    "FireCondition": 0,
    "name.ja": "マグ・ブラスターＢ２",
    "name.en": "Mag Blaster B2",
    "name.cn": "強襲光束鎗Ｂ２",
    "name.kr": "매그 블래스터 B2",
    "name.sc": "强袭光束枪Ｂ２",
    "WeaponIcon": "app:/weapon/icon/LAZR.dds",
    "Sight_animation_model": [["app:/HUD/sight11.rab", "sight11.mdb"], 0, 0],
    "animation_model": [
      ["app:/Weapon/p_lazer_LAZR03.rab", "p_lazer_LAZR03.mdb"],
      0,
      {
        "$SGOTT_EMBED": true,
        "format": "hex",
        "data": "4d4142000f000000830000000300000005002a00240000007c00000080000000f0000000000001001800000001000100300000000200000048000000b4000000c00000000200000054000000640000004400000000000000940000009a000000a0000000020000005400000044000000640000000000000074000000babababa0000000000000000000000000000803f000000006bba9e3dfe99293f0000803fcdcc4c3dcdcc4c3dcdcc4c3d0000803f2bfbae3dc9220d3d60aec53e0000803fcb71b3bf519cc8bec9c31ac00000803f53474f000201000000000000200000000000000020000000000000002000000030003100000049004b00000070005f006c0061007a00650072005f004c0041005a005200300031000000"
      }
    ],
    "ModelConstraint": ["arms_r"],
    "BaseAnimation": "waist",
    "AimAnimation": "aim",
    "ChangeAnimation": "waist_change1",
    "ReloadAnimation": "waist_reload1",
    "AmmoCount": [1200, 0, 0, 8, 0.5, 0.5, 0],
    "EnergyChargeRequire": [[88.76094055175781, 45, 4, 8, 0.5, 0.5, 1], 45],
    "ReloadType": 3,
    "ReloadInit": 1,
    "ReloadTime": [180, 21, 3, 5, 1, 0.5, 0],
    "AngleAdjust": 0,
    "LockonType": 0,
    "LockonTargetType": 0,
    "Lockon_DistributionType": 0,
    "Lockon_FireEndToClear": 1,
    "Lockon_AutoTimeOut": 1,
    "LockonRange": 0,
    "LockonAngle": [0.30000001192092896, 0.30000001192092896],
    "LockonTime": 0,
    "LockonFailedTime": 0,
    "LockonHoldTime": 0,
    "FireType": 0,
    "FireSpreadType": 0,
    "FireSpreadWidth": 0,
    "FireCount": 1,
    "FireInterval": 1,
    "FireBurstCount": 1,
    "FireBurstInterval": 0,
    "FireAccuracy": 0,
    "FireRecoil": 0.10999999940395355,
    "FireVector": null,
    "FireSe": [1, "e5w_WDnew_med_magBlasterB2", 0.8500000238418579, 1, 2, 25],
    "FireLoadSe": null,
    "ShellCaseDischargeSe": null,
    "SecondaryFire_Type": 0,
    "SecondaryFire_Parameter": [0],
    "AmmoClass": "LaserBullet01",
    "AmmoModel": 0,
    "AmmoSpeed": [47.5, 16, 2, 5, 0.5, 0.5, 1],
    "AmmoOwnerMove": 0,
    "AmmoGravityFactor": 0,
    "AmmoAlive": 4,
    "AmmoDamage": [15, 8, 1, 8, 0.5, 0.5, 1],
    "AmmoDamageAttribute": {"shield": 2},
    "AmmoDamageReduce": [1, 1],
    "AmmoExplosion": 0,
    "AmmoIsPenetration": 0,
    "AmmoSize": 0.5,
    "AmmoHitSizeAdjust": 1,
    "AmmoHitImpulseAdjust": 0.05000000074505806,
    "AmmoColor": [1, 0.3499999940395355, 0.3499999940395355, 0.5],
    "Ammo_CustomParameter": [
      [1, 1, 1, 1],
      [1, 1, 1, 1],
      5,
      6,
      10,
      5,
      0,
      1.5,
      1.600000023841858,
      0.5,
      10
    ],
    "Ammo_EquipVoice": null,
    "AmmoHitSe": null,
    "MuzzleFlash": "LaserMuzzleFlash01",
    "MuzzleFlash_CustomParameter": [
      "Particle3_k.dds",
      0.25,
      [1, 0.3499999940395355, 0.3499999940395355, 0.5],
      2
    ],
    "ShellCase": ["", "", 0],
    "ShellCase_CustomParameter": null,
    "ExtPrams": [1]
  },
  "strings": [
    "LockonTargetType",
    "BaseAnimation",
    "AmmoColor",
    "LockonAngle",
    "AimAnimation",
    "AmmoModel",
    "AmmoDamageAttribute",
    "WeaponIcon",
    "Lockon_AutoTimeOut",
    "ReloadType",
    "MuzzleFlash",
    "AmmoAlive",
    "FireVector",
    "FireType",
    "AmmoClass",
    "AmmoDamageReduce",
    "AmmoDamage",
    "AmmoGravityFactor",
    "AmmoCount",
    "AmmoExplosion",
    "SecondaryFire_Type",
    "AmmoHitImpulseAdjust",
    "AmmoHitSe",
    "AmmoHitSizeAdjust",
    "AmmoIsPenetration",
    "AmmoOwnerMove",
    "FireCondition",
    "AmmoSize",
    "AmmoSpeed",
    "ReloadInit",
    "Ammo_CustomParameter",
    "LockonTime",
    "Ammo_EquipVoice",
    "SecondaryFire_Parameter",
    "LockonFailedTime",
    "name.cn",
    "AngleAdjust",
    "ChangeAnimation",
    "FireAccuracy",
    "EnergyChargeRequire",
    "ReloadTime",
    "ExtPrams",
    "FireBurstCount",
    "LockonRange",
    "FireBurstInterval",
    "FireCount",
    "FireInterval",
    "FireLoadSe",
    "FireRecoil",
    "FireSe",
    "FireSpreadType",
    "waist_reload1",
    "FireSpreadWidth",
    "Sight_animation_model",
    "LockonHoldTime",
    "LockonType",
    "ShellCase_CustomParameter",
    "Lockon_DistributionType",
    "Lockon_FireEndToClear",
    "ModelConstraint",
    "MuzzleFlash_CustomParameter",
    "ReloadAnimation",
    "ShellCase",
    "ShellCaseDischargeSe",
    "animation_model",
    "custom_parameter",
    "name.en",
    "name.ja",
    "name.kr",
    "name.sc",
    "use_underground",
    "xgs_scene_object_class",
    "Weapon_PreChargeShoot",
    "waist_recoil1",
    "マグ・ブラスターＢ２",
    "Mag Blaster B2",
    "強襲光束鎗Ｂ２",
    "매그 블래스터 B2",
    "强袭光束枪Ｂ２",
    "app:/weapon/icon/LAZR.dds",
    "app:/HUD/sight11.rab",
    "sight11.mdb",
    "app:/Weapon/p_lazer_LAZR03.rab",
    "p_lazer_LAZR03.mdb",
    "arms_r",
    "waist",
    "aim",
    "waist_change1",
    "e5w_WDnew_med_magBlasterB2",
    "LaserBullet01",
    "shield",
    "LaserMuzzleFlash01",
    "Particle3_k.dds",
    ""
  ]
}