{
  "format": "DSGO",
  "endian": "LE",
  "data": {
    "xgs_scene_object_class": "Weapon_Sub",
    "custom_parameter": {
      "animation": ["recoil_sword_a", "recoil_sword_b", "recoil_sword_c"],
      "whole_body": 1,
      "animation_speed": 1,
      "is_manual_reload": 1,
      "long_press_count": 60
    },
    "use_underground": 1,
    "FireCondition": 0,
    "name.ja": "ハンディセイバーＳ",
    "name.en": "Handy Saber S",
    "name.cn": "隨身軍刀Ｓ",
    "name.kr": "핸디 세이버 S",
    "name.sc": "随身军刀Ｓ",
    "WeaponIcon": "app:/weapon/icon/laserblade.dds",
    "animation_model": [
      ["app:/Weapon/p_saber_normal01.rab", "p_saber_normal01.mdb"],
      0,
      {
        "$SGOTT_EMBED": true,
        "format": "hex",
        "data": "4d4142000f000000830000000300000003002800240000005c00000060000000f0000000000001001800000001000000300000000200000028000000b4000000ba000000020000002400000034000000440000000000000054000000babababa000000006891ed3d000000000000803fcdcc4c3dcdcc4c3dcdcc4c3d0000803fdb0fc9bf00000000000000000000803f53474f00020100000100000020000000010000002c0000000000000034000000010000000400000001000000080000000000000066006900720065005f006d006f00640065006c005f0064006900720065006300740069006f006e000000000030003100000070005f00730061006200650072005f006e006f0072006d0061006c00300031000000"
      }
    ],
    "ModelConstraint": ["arms_l"],
    "BaseAnimation": "throw",
    "AimAnimation": "aim_no_ik",
    "ChangeAnimation": "",
    "ReloadAnimation": "",
    "AmmoCount": 400,
    "EnergyChargeRequire": [-1, -1],
    "ReloadType": 1,
    "ReloadInit": 1,
    "ReloadTime": [720, 21, 1, 8, 1, 0.5, 0],
    "AngleAdjust": 0,
    "LockonType": 0,
    "LockonTargetType": 0,
    "Lockon_DistributionType": 0,
    "Lockon_FireEndToClear": 1,
    "Lockon_AutoTimeOut": 1,
    "LockonRange": 0,
    "LockonAngle": [0.30000001192092896, 0.30000001192092896],
    "LockonTime": 0,
    "LockonFailedTime": 0,
    "LockonHoldTime": 0,
    "FireType": 0,
    "FireSpreadType": 0,
    "FireSpreadWidth": 1,
    "FireCount": 1,
    "FireInterval": 0,
    "FireBurstCount": 20,
    "FireBurstInterval": 0,
    "FireAccuracy": 0,
    "FireRecoil": 0,
    "FireVector": null,
    "FireSe": [1, "weapon_WD_Saber_HandyS", 1, 1, 2, 25],
    "FireLoadSe": null,
    "ShellCaseDischargeSe": null,
    "SecondaryFire_Type": 0,
    "SecondaryFire_Parameter": [0],
    "AmmoClass": "EfsExposureBullet",
    "AmmoModel": 0,
    "AmmoSpeed": [8, 16, 2, 5, 0.5, 0.5, 1],
    "AmmoOwnerMove": 0,
    "AmmoGravityFactor": 0,
    "AmmoAlive": 5,
    "AmmoDamage": [2700, 8, 0, 10, 0.800000011920929, 1, 1],
    "AmmoDamageReduce": [1, 1],
    "AmmoExplosion": 0,
    "AmmoIsPenetration": 1,
    "AmmoSize": 0.10000000149011612,
    "AmmoHitSizeAdjust": 20,
    "AmmoHitImpulseAdjust": 1,
    "AmmoColor": [0.6000000238418579, 2, 1, 1],
    "Ammo_CustomParameter": {
      "efarc": "app:/weapon/effect/pale_trap_laser01.efarc",
      "bullet": {
        "esb": "bullet01.esb",
        "esb_scale": 1,
        "esb_color": [1, 1, 1, 1],
        "scroll": [
          {
            "image": "EnergyScroll01.dds",
            "speed": 0.1648000031709671,
            "scale": 1,
            "v_scale": 0.07000000029802322,
            "color": [4, 4, 4, 1]
          },
          {
            "image": "EnergyScroll02.dds",
            "speed": 0.24779999256134033,
            "scale": 1,
            "v_scale": 0.10000000149011612,
            "color": [1, 1, 1, 0.20000000298023224]
          }
        ],
        "lighting": {
          "bar_color": [4, 4, 4, 1],
          "bar_radius": 50,
          "mul_base_color": 1
        }
      },
      "hit": {
        "esb": "bullet01_hit.esb",
        "esb_scale": 1,
        "esb_color": [1, 1, 1, 1]
      },
      "is_continue_damage": 0
    },
    "Ammo_EquipVoice": null,
    "AmmoHitSe": [0, "weapon_Common_hitSound_saber", 1, 1, 1, 50],
    "MuzzleFlash": "",
    "MuzzleFlash_CustomParameter": null,
    "ShellCase": ["", "", 0],
    "ShellCase_CustomParameter": null,
    "ExtPrams": [1],
    "resource": ["app:/weapon/effect/pale_trap_laser01.efarc"]
  },
  "strings": [
    "AmmoExplosion",
    "LockonTargetType",
    "BaseAnimation",
    "app:/weapon/effect/pale_trap_laser01.efarc",
    "AmmoColor",
    "LockonAngle",
    "AimAnimation",
    "WeaponIcon",
    "Lockon_AutoTimeOut",
    "ReloadType",
    "MuzzleFlash",
    "AmmoAlive",
    "FireVector",
    "EnergyScroll02.dds",
    "FireType",
    "AmmoClass",
    "AmmoDamageReduce",
    "AmmoDamage",
    "AmmoGravityFactor",
    "AmmoCount",
    "SecondaryFire_Type",
    "AmmoHitImpulseAdjust",
    "AmmoHitSe",
    "AmmoHitSizeAdjust",
    "AmmoIsPenetration",
    "is_manual_reload",
    "AmmoModel",
    "AmmoOwnerMove",
    "FireCondition",
    "AmmoSize",
    "AmmoSpeed",
    "esb_scale",
    "ReloadInit",
    "Ammo_CustomParameter",
    "LockonTime",
    "Ammo_EquipVoice",
    "AngleAdjust",
    "name.cn",
    "SecondaryFire_Parameter",
    "LockonFailedTime",
    "ChangeAnimation",
    "FireAccuracy",
    "EnergyChargeRequire",
    "ReloadTime",
    "ExtPrams",
    "FireBurstCount",
    "LockonRange",
    "FireBurstInterval",
    "FireCount",
    "FireInterval",
    "FireLoadSe",
    "FireRecoil",
    "FireSe",
    "FireSpreadType",
    "FireSpreadWidth",
    "LockonHoldTime",
    "LockonType",
    "ShellCase_CustomParameter",
    "Lockon_DistributionType",
    "Lockon_FireEndToClear",
    "name.en",
    "ModelConstraint",
    "MuzzleFlash_CustomParameter",
    "ReloadAnimation",
    "ShellCase",
    "ShellCaseDischargeSe",
    "throw",
    "animation_model",
    "scroll",
    "custom_parameter",
    "name.ja",
    "name.kr",
    "name.sc",
    "resource",
    "use_underground",
    "arms_l",
    "xgs_scene_object_class",
    "Weapon_Sub",
    "aim_no_ik",
    "long_press_count",
    "animation",
    "animation_speed",
    "whole_body",
    "recoil_sword_a",
    "recoil_sword_b",
    "recoil_sword_c",
    "ハンディセイバーＳ",
    "Handy Saber S",
    "隨身軍刀Ｓ",
    "핸디 세이버 S",
    "随身军刀Ｓ",
    "app:/weapon/icon/laserblade.dds",
    "app:/Weapon/p_saber_normal01.rab",
    "p_saber_normal01.mdb",
    "",
    "weapon_WD_Saber_HandyS",
    "EfsExposureBullet",
    "bullet",
    "efarc",
    "hit",
    "is_continue_damage",
    "esb",
    "esb_color",
    "lighting",
    "bullet01.esb",
    "color",
    "image",
    "scale",
    "speed",
    "v_scale",
    "EnergyScroll01.dds",
    "bar_color",
    "bar_radius",
    "mul_base_color",
    "bullet01_hit.esb",
    "weapon_Common_hitSound_saber"
  ]
}