{
  "format": "DSGO",
  "endian": "LE",
  "data": {
    "xgs_scene_object_class": "Weapon_VehicleShoot",
    "custom_parameter": [16, 1, 0],
    "use_underground": 1,
    "FireCondition": 0,
    "name.ja": "１３０ミリ高圧榴弾砲",
    "name.en": "130mm High-Pressure Howitzer",
    "name.cn": "130毫米高壓榴彈砲",
    "name.kr": "130mm 고압 곡사포",
    "name.sc": "130毫米高压榴弹炮",
    "WeaponIcon": "app:/weapon/icon/none",
    "animation_model": [
      ["app:/Weapon/v_null.rab", "v_null.mdb"],
      0,
      {
        "$SGOTT_EMBED": true,
        "format": "hex",
        "data": "4d4142000f000000830000000300000003001400240000005c00000060000000b0000000000001001800000001000000300000000200000028000000740000007a000000020000003400000044000000240000000000000054000000babababa0000000000000000000000000000803f0000000000000000333333400000803fcdcc4c3dcdcc4c3d0000803e0000803f53474f000201000000000000200000000000000020000000000000002000000030003100000076005f004e0075006c006c000000"
      }
    ],
    "ModelConstraint": ["arms_r"],
    "BaseAnimation": "none",
    "AimAnimation": "",
    "ChangeAnimation": "",
    "ReloadAnimation": "",
    "AmmoCount": 24,
    "EnergyChargeRequire": [-1, -1],
    "ReloadType": 0,
    "ReloadInit": 1,
    "ReloadTime": -1,
    "AngleAdjust": 0,
    "LockonType": 0,
    "LockonTargetType": 0,
    "Lockon_DistributionType": 0,
    "Lockon_FireEndToClear": 1,
    "Lockon_AutoTimeOut": 1,
    "LockonRange": 0,
    "LockonAngle": [0.30000001192092896, 0.30000001192092896],
    "LockonTime": 0,
    "LockonFailedTime": 0,
    "LockonHoldTime": 0,
    "FireType": 0,
    "FireSpreadType": 0,
    "FireSpreadWidth": 0,
    "FireCount": 1,
    "FireInterval": 150,
    "FireBurstCount": 1,
    "FireBurstInterval": 0,
    "FireAccuracy": 0.02500000037252903,
    "FireRecoil": 0.30000001192092896,
    "FireVector": null,
    "FireSe": [
      0,
      "weapon_VHC_tank301_cannon",
      0.800000011920929,
      0.8909000158309937,
      1,
      40
    ],
    "FireLoadSe": null,
    "ShellCaseDischargeSe": null,
    "SecondaryFire_Type": 0,
    "SecondaryFire_Parameter": [0],
    "AmmoClass": "EfsBullet",
    "AmmoModel": 0,
    "AmmoSpeed": 10,
    "AmmoOwnerMove": 0,
    "AmmoGravityFactor": 1,
    "AmmoAlive": 200,
    "AmmoDamage": 400,
    "AmmoDamageReduce": [1, 1],
    "AmmoExplosion": 18,
    "AmmoIsPenetration": 0,
    "AmmoSize": 0.10000000149011612,
    "AmmoHitSizeAdjust": 10,
    "AmmoHitImpulseAdjust": 5,
    "AmmoColor": [1.100000023841858, 1.600000023841858, 0.5, 1],
    "Ammo_CustomParameter": {
      "efarc": "app:/weapon/effect/v601_tank_cannon.efarc",
      "is_break_building": 1,
      "bullet": {"esb": "bullet01.esb", "use_far_render": 1, "scale": 2},
      "hit": {"use_default_effect": 1, "scale": 4}
    },
    "Ammo_EquipVoice": null,
    "AmmoHitSe": [0, "common_damages_explode_S", 1, 1, 1, 200],
    "MuzzleFlash": "EfsMuzzleFlash",
    "MuzzleFlash_CustomParameter": {
      "efarc": "app:/weapon/effect/v601_tank_cannon.efarc",
      "esb": "fire01.esb",
      "color": [0.75, 1.600000023841858, 1.2999999523162842, 1],
      "scale": 3
    },
    "ShellCase": ["", "", 0],
    "ShellCase_CustomParameter": null,
    "ExtPrams": [1],
    "resource": [
      "app:/weapon/effect/v601_tank_cannon.efarc",
      "app:/weapon/effect/v601_tank_cannon.efarc"
    ]
  },
  "strings": [
    "AmmoExplosion",
    "LockonTargetType",
    "BaseAnimation",
    "AmmoColor",
    "LockonAngle",
    "AimAnimation",
    "WeaponIcon",
    "Lockon_AutoTimeOut",
    "ReloadType",
    "MuzzleFlash",
    "AmmoAlive",
    "FireVector",
    "FireType",
    "AmmoClass",
    "AmmoDamageReduce",
    "AmmoDamage",
    "AmmoGravityFactor",
    "AmmoCount",
    "SecondaryFire_Type",
    "AmmoHitImpulseAdjust",
    "AmmoHitSe",
    "AmmoHitSizeAdjust",
    "AmmoIsPenetration",
    "AmmoModel",
    "AmmoOwnerMove",
    "FireCondition",
    "AmmoSize",
    "AmmoSpeed",
    "ReloadInit",
    "Ammo_CustomParameter",
    "LockonTime",
    "Ammo_EquipVoice",
    "AngleAdjust",
    "name.cn",
    "１３０ミリ高圧榴弾砲",
    "SecondaryFire_Parameter",
    "LockonFailedTime",
    "ChangeAnimation",
    "FireAccuracy",
    "EnergyChargeRequire",
    "ReloadTime",
    "ExtPrams",
    "FireBurstCount",
    "LockonRange",
    "FireBurstInterval",
    "FireCount",
    "FireInterval",
    "FireLoadSe",
    "FireRecoil",
    "FireSe",
    "FireSpreadType",
    "FireSpreadWidth",
    "LockonHoldTime",
    "LockonType",
    "ShellCase_CustomParameter",
    "Lockon_DistributionType",
    "Lockon_FireEndToClear",
    "name.en",
    "ModelConstraint",
    "MuzzleFlash_CustomParameter",
    "ReloadAnimation",
    "ShellCase",
    "ShellCaseDischargeSe",
    "animation_model",
    "custom_parameter",
    "130毫米高壓榴彈砲",
    "name.ja",
    "name.kr",
    "name.sc",
    "resource",
    "use_underground",
    "xgs_scene_object_class",
    "Weapon_VehicleShoot",
    "130mm High-Pressure Howitzer",
    "130mm 고압 곡사포",
    "130毫米高压榴弹炮",
    "app:/weapon/icon/none",
    "app:/Weapon/v_null.rab",
    "v_null.mdb",
    "arms_r",
    "none",
    "",
    "weapon_VHC_tank301_cannon",
    "EfsBullet",
    "bullet",
    "is_break_building",
    "efarc",
    "hit",
    "app:/weapon/effect/v601_tank_cannon.efarc",
    "esb",
    "scale",
    "use_far_render",
    "bullet01.esb",
    "use_default_effect",
    "common_damages_explode_S",
    "EfsMuzzleFlash",
    "color",
    "fire01.esb"
  ]
}