{
  "format": "DSGO",
  "endian": "LE",
  "data": {
    "xgs_scene_object_class": "Weapon_VehicleSwingShoot",
    "custom_parameter": {
      "null": 0,
      "undefined": 0,
      "swing_angle": {"begin": [0.75, 0, 0], "end": [0, 0, 0], "pow": 0.25}
    },
    "use_underground": 1,
    "FireCondition": 0,
    "name.ja": "カッパー砲",
    "name.en": "Copper Cannon",
    "name.cn": "卡巴破壞砲",
    "name.kr": "코퍼포",
    "name.sc": "卡巴破坏炮",
    "WeaponIcon": "app:/weapon/icon/none",
    "animation_model": [
      ["app:/Weapon/v_null.rab", "v_null.mdb"],
      0,
      {
        "$SGOTT_EMBED": true,
        "format": "hex",
        "data": "4d4142000f000000830000000300000004001a00240000007c0000008000000020010000000002001800000001000000500000000200000048000000e4000000f0000000020000004400000054000000740000000000000084000000ca000000d0000000020000004400000034000000540000000000000064000000babababa0000000000003041000000400000803f0000803f0000803f0000803f0000803f0000704100003041000000400000803fdb0fc9bf00000000000000000000803f53474f00020100000100000020000000010000002c0000000000000034000000010000000400000001000000080000000000000066006900720065005f006d006f00640065006c005f0064006900720065006300740069006f006e000000000030003100000030003200000076005f004e0075006c006c000000"
      }
    ],
    "ModelConstraint": ["cannon2_r"],
    "BaseAnimation": "none",
    "AimAnimation": "",
    "ChangeAnimation": "",
    "ReloadAnimation": "",
    "AmmoCount": 60,
    "EnergyChargeRequire": [-1, -1],
    "ReloadType": 0,
    "ReloadInit": 1,
    "ReloadTime": 900,
    "AngleAdjust": 0,
    "LockonType": 0,
    "LockonTargetType": 0,
    "Lockon_DistributionType": 0,
    "Lockon_FireEndToClear": 1,
    "Lockon_AutoTimeOut": 1,
    "LockonRange": 0,
    "LockonAngle": [0.30000001192092896, 0.30000001192092896],
    "LockonTime": 0,
    "LockonFailedTime": 0,
    "LockonHoldTime": 0,
    "FireType": 0,
    "FireSpreadType": 0,
    "FireSpreadWidth": 0,
    "FireCount": 1,
    "FireInterval": 180,
    "FireBurstCount": 60,
    "FireBurstInterval": 1,
    "FireAccuracy": 0,
    "FireRecoil": 0.30000001192092896,
    "FireVector": null,
    "FireSe": [1, "aBalga_spCannon_shot", 1, 1, 50, 500],
    "FireLoadSe": null,
    "ShellCaseDischargeSe": null,
    "SecondaryFire_Type": 0,
    "SecondaryFire_Parameter": [0],
    "AmmoClass": "BarugaCannonBullet",
    "AmmoModel": 0,
    "AmmoSpeed": 40,
    "AmmoOwnerMove": 0,
    "AmmoGravityFactor": 1,
    "AmmoAlive": 60,
    "AmmoDamage": 3000,
    "AmmoDamageReduce": [1, 1],
    "AmmoExplosion": 50,
    "AmmoIsPenetration": 0,
    "AmmoSize": 12,
    "AmmoHitSizeAdjust": 1,
    "AmmoHitImpulseAdjust": 1,
    "AmmoColor": [2, 2, 6, 1],
    "Ammo_CustomParameter": {
      "explosion_skip": 24,
      "explosion_effect_reduction_level": 2,
      "explosion_effect_alive_adjust": 0.30000001192092896
    },
    "Ammo_EquipVoice": null,
    "AmmoHitSe": [0, "common_damages_explode_L_forBalgaCannon", 1, 1, 10, 200],
    "MuzzleFlash": "",
    "MuzzleFlash_CustomParameter": null,
    "ShellCase": ["", "", 0],
    "ShellCase_CustomParameter": null,
    "ExtPrams": [1]
  },
  "strings": [
    "AmmoExplosion",
    "LockonTargetType",
    "BaseAnimation",
    "AmmoColor",
    "LockonAngle",
    "AimAnimation",
    "WeaponIcon",
    "Lockon_AutoTimeOut",
    "ReloadType",
    "MuzzleFlash",
    "AmmoAlive",
    "FireVector",
    "FireType",
    "AmmoClass",
    "AmmoDamageReduce",
    "AmmoDamage",
    "AmmoGravityFactor",
    "AmmoCount",
    "SecondaryFire_Type",
    "AmmoHitImpulseAdjust",
    "AmmoHitSe",
    "AmmoHitSizeAdjust",
    "AmmoIsPenetration",
    "AmmoModel",
    "AmmoOwnerMove",
    "FireCondition",
    "AmmoSize",
    "AmmoSpeed",
    "ReloadInit",
    "Ammo_CustomParameter",
    "LockonTime",
    "Ammo_EquipVoice",
    "AngleAdjust",
    "name.cn",
    "SecondaryFire_Parameter",
    "LockonFailedTime",
    "ChangeAnimation",
    "FireAccuracy",
    "EnergyChargeRequire",
    "ReloadTime",
    "ExtPrams",
    "FireBurstCount",
    "LockonRange",
    "FireBurstInterval",
    "FireCount",
    "FireInterval",
    "FireLoadSe",
    "FireRecoil",
    "FireSe",
    "FireSpreadType",
    "FireSpreadWidth",
    "LockonHoldTime",
    "LockonType",
    "ShellCase_CustomParameter",
    "Lockon_DistributionType",
    "Lockon_FireEndToClear",
    "name.en",
    "ModelConstraint",
    "MuzzleFlash_CustomParameter",
    "ReloadAnimation",
    "ShellCase",
    "ShellCaseDischargeSe",
    "animation_model",
    "custom_parameter",
    "name.ja",
    "name.kr",
    "name.sc",
    "use_underground",
    "xgs_scene_object_class",
    "Weapon_VehicleSwingShoot",
    "swing_angle",
    "カッパー砲",
    "begin",
    "end",
    "pow",
    "Copper Cannon",
    "卡巴破壞砲",
    "코퍼포",
    "卡巴破坏炮",
    "app:/weapon/icon/none",
    "app:/Weapon/v_null.rab",
    "v_null.mdb",
    "cannon2_r",
    "none",
    "",
    "aBalga_spCannon_shot",
    "BarugaCannonBullet",
    "explosion_effect_alive_adjust",
    "explosion_effect_reduction_level",
    "explosion_skip",
    "common_damages_explode_L_forBalgaCannon"
  ]
}