{
  "format": "DSGO",
  "endian": "LE",
  "data": {
    "xgs_scene_object_class": "Weapon_VehicleShoot",
    "custom_parameter": [60, 1, 1],
    "use_underground": 1,
    "FireCondition": 0,
    "name.ja": "v610 ロケランテスト",
    "name.en": "v610 Rocket Launcher Test",
    "name.cn": "v610 測試火箭發射器",
    "name.kr": "v610 로켓 런처 테스트",
    "name.sc": "v610 测试火箭发射器",
    "WeaponIcon": "app:/weapon/icon/none",
    "animation_model": [
      ["app:/Weapon/v_null.rab", "v_null.mdb"],
      0,
      {
        "$SGOTT_EMBED": true,
        "format": "hex",
        "data": "4d4142000f000000830000000300000003001400240000005c00000060000000f0000000000001001800000001000000300000000200000028000000b4000000ba000000020000003400000044000000240000000000000054000000babababa0000000000000000000000000000803f00000000295c8f3e9a99993f0000803fcdcc4c3dcdcc4c3dcdcccc3c0000803f53474f00020100000100000020000000010000002c0000000000000034000000010000000400000001000000080000000000000066006900720065005f006d006f00640065006c005f0064006900720065006300740069006f006e000000000030003100000076005f004e0075006c006c000000"
      }
    ],
    "ModelConstraint": ["gun"],
    "BaseAnimation": "none",
    "AimAnimation": "",
    "ChangeAnimation": "",
    "ReloadAnimation": "",
    "AmmoCount": 2,
    "EnergyChargeRequire": [-1, -1],
    "ReloadType": 0,
    "ReloadInit": 1,
    "ReloadTime": 110,
    "AngleAdjust": 0,
    "LockonType": 0,
    "LockonTargetType": 0,
    "Lockon_DistributionType": 0,
    "Lockon_FireEndToClear": 1,
    "Lockon_AutoTimeOut": 1,
    "LockonRange": 0,
    "LockonAngle": [0.30000001192092896, 0.30000001192092896],
    "LockonTime": 0,
    "LockonFailedTime": 0,
    "LockonHoldTime": 0,
    "FireType": 0,
    "FireSpreadType": 0,
    "FireSpreadWidth": 0,
    "FireCount": 1,
    "FireInterval": 60,
    "FireBurstCount": 1,
    "FireBurstInterval": 0,
    "FireAccuracy": 0.009999999776482582,
    "FireRecoil": 0.30000001192092896,
    "FireVector": null,
    "FireSe": [0, "e5w_RLnew_SMAW-E", 1, 1, 2, 25],
    "FireLoadSe": null,
    "ShellCaseDischargeSe": null,
    "SecondaryFire_Type": 0,
    "SecondaryFire_Parameter": [0],
    "AmmoClass": "MissileBullet01",
    "AmmoModel": "app:/WEAPON/bullet_rocket.rab",
    "AmmoSpeed": 0.20000000298023224,
    "AmmoOwnerMove": 0,
    "AmmoGravityFactor": 0.5,
    "AmmoAlive": 300,
    "AmmoDamage": 100,
    "AmmoDamageReduce": [1, 1],
    "AmmoExplosion": 7,
    "AmmoIsPenetration": 0,
    "AmmoSize": 1,
    "AmmoHitSizeAdjust": 1,
    "AmmoHitImpulseAdjust": 1,
    "AmmoColor": [0.75, 0.75, 0.75, 1],
    "Ammo_CustomParameter": [
      0,
      1,
      100,
      [0, 0, -0.05000000074505806],
      0.02500000037252903,
      0,
      8,
      [15, 0.949999988079071],
      0,
      0,
      null,
      [
        0,
        "weapon_Ranger_ML_go_Medium",
        0.4000000059604645,
        0.6674200296401978,
        1,
        100
      ]
    ],
    "Ammo_EquipVoice": null,
    "AmmoHitSe": [0, "common_damages_explode_S", 1, 1, 1, 200],
    "MuzzleFlash": "MuzzleSmoke01",
    "MuzzleFlash_CustomParameter": [
      1,
      0.125,
      [1, 1, 1, 0.5],
      0.05000000074505806,
      [0, 0, -1.600000023841858]
    ],
    "ShellCase": ["", "", 0],
    "ShellCase_CustomParameter": null,
    "ExtPrams": [1],
    "resource": ["app:/WEAPON/bullet_rocket.rab"]
  },
  "strings": [
    "AmmoExplosion",
    "LockonTargetType",
    "BaseAnimation",
    "AmmoColor",
    "LockonAngle",
    "AimAnimation",
    "WeaponIcon",
    "Lockon_AutoTimeOut",
    "ReloadType",
    "MuzzleFlash",
    "AmmoAlive",
    "FireVector",
    "FireType",
    "AmmoClass",
    "AmmoDamageReduce",
    "AmmoDamage",
    "AmmoGravityFactor",
    "AmmoCount",
    "SecondaryFire_Type",
    "AmmoHitImpulseAdjust",
    "AmmoHitSe",
    "AmmoHitSizeAdjust",
    "AmmoIsPenetration",
    "AmmoModel",
    "AmmoOwnerMove",
    "FireCondition",
    "AmmoSize",
    "AmmoSpeed",
    "ReloadInit",
    "weapon_Ranger_ML_go_Medium",
    "Ammo_CustomParameter",
    "LockonTime",
    "Ammo_EquipVoice",
    "AngleAdjust",
    "name.cn",
    "SecondaryFire_Parameter",
    "LockonFailedTime",
    "ChangeAnimation",
    "FireAccuracy",
    "EnergyChargeRequire",
    "ReloadTime",
    "ExtPrams",
    "FireBurstCount",
    "LockonRange",
    "FireBurstInterval",
    "FireCount",
    "FireInterval",
    "FireLoadSe",
    "FireRecoil",
    "FireSe",
    "FireSpreadType",
    "FireSpreadWidth",
    "LockonHoldTime",
    "LockonType",
    "ShellCase_CustomParameter",
    "Lockon_DistributionType",
    "Lockon_FireEndToClear",
    "name.en",
    "ModelConstraint",
    "MuzzleFlash_CustomParameter",
    "ReloadAnimation",
    "ShellCase",
    "ShellCaseDischargeSe",
    "animation_model",
    "custom_parameter",
    "name.ja",
    "name.kr",
    "v610 로켓 런처 테스트",
    "name.sc",
    "resource",
    "use_underground",
    "xgs_scene_object_class",
    "Weapon_VehicleShoot",
    "v610 ロケランテスト",
    "v610 Rocket Launcher Test",
    "v610 測試火箭發射器",
    "v610 测试火箭发射器",
    "app:/weapon/icon/none",
    "app:/Weapon/v_null.rab",
    "v_null.mdb",
    "gun",
    "none",
    "",
    "e5w_RLnew_SMAW-E",
    "MissileBullet01",
    "app:/WEAPON/bullet_rocket.rab",
    "common_damages_explode_S",
    "MuzzleSmoke01"
  ]
}