{
  "format": "DSGO",
  "endian": "LE",
  "data": {
    "xgs_scene_object_class": "Weapon_VehicleShoot",
    "custom_parameter": null,
    "use_underground": 1,
    "FireCondition": 0,
    "name.ja": "レーザー砲",
    "name.en": "Laser Cannon",
    "name.cn": "雷射砲",
    "name.kr": "레이저포",
    "name.sc": "激光炮",
    "WeaponIcon": "app:/weapon/icon/none",
    "animation_model": [
      ["app:/Weapon/v_null.rab", "v_null.mdb"],
      0,
      {
        "$SGOTT_EMBED": true,
        "format": "hex",
        "data": "4d4142000f000000830000000300000003001400240000005c00000060000000b0000000000001001800000001000000300000000200000028000000740000007a000000020000003400000044000000240000000000000054000000babababa0000000000000000000000000000803f00000000c3f5a83e000000410000803fcdcc4c3dcdcc4c3d0000803e0000803f53474f000201000000000000200000000000000020000000000000002000000030003100000076005f004e0075006c006c000000"
      }
    ],
    "ModelConstraint": ["arms_r"],
    "BaseAnimation": "waist",
    "AimAnimation": "",
    "ChangeAnimation": "",
    "ReloadAnimation": "",
    "AmmoCount": 8000,
    "EnergyChargeRequire": [-1, -1],
    "ReloadType": 0,
    "ReloadInit": 1,
    "ReloadTime": -1,
    "AngleAdjust": 0,
    "LockonType": 0,
    "LockonTargetType": 0,
    "Lockon_DistributionType": 0,
    "Lockon_FireEndToClear": 1,
    "Lockon_AutoTimeOut": 1,
    "LockonRange": 0,
    "LockonAngle": [0.30000001192092896, 0.30000001192092896],
    "LockonTime": 0,
    "LockonFailedTime": 0,
    "LockonHoldTime": 0,
    "FireType": 0,
    "FireSpreadType": 0,
    "FireSpreadWidth": 0,
    "FireCount": 1,
    "FireInterval": 1,
    "FireBurstCount": 1,
    "FireBurstInterval": 0,
    "FireAccuracy": 0,
    "FireRecoil": 0.6000000238418579,
    "FireVector": null,
    "FireSe": [
      1,
      "e5w_WD-Mid-PenetrateRifle11",
      0.4000000059604645,
      0.6000000238418579,
      1,
      25
    ],
    "FireLoadSe": null,
    "ShellCaseDischargeSe": null,
    "SecondaryFire_Type": 0,
    "SecondaryFire_Parameter": [0],
    "AmmoClass": "EfsExposureBullet",
    "AmmoModel": 0,
    "AmmoSpeed": 10,
    "AmmoOwnerMove": 0,
    "AmmoGravityFactor": 0,
    "AmmoAlive": 50,
    "AmmoDamage": 1.2000000476837158,
    "AmmoDamageReduce": [1, 1],
    "AmmoExplosion": 0,
    "AmmoIsPenetration": 1,
    "AmmoSize": 2,
    "AmmoHitSizeAdjust": 1,
    "AmmoHitImpulseAdjust": 1,
    "AmmoColor": [1.600000023841858, 3.200000047683716, 2.200000047683716, 1],
    "Ammo_CustomParameter": {
      "is_converge": 1,
      "efarc": "app:/weapon/effect/v614_laser.efarc",
      "bullet": {
        "esb": "bullet01.esb",
        "esb_scale": 1,
        "esb_color": [1, 2, 1.7000000476837158, 1],
        "scroll": [
          {
            "image": "EnergyScroll01.dds",
            "speed": 0.1234000027179718,
            "scale": 0.6000000238418579,
            "v_scale": 0.07000000029802322,
            "color": [1, 1, 1, 1]
          },
          {
            "image": "EnergyScroll02.dds",
            "speed": 0.3244999945163727,
            "scale": 1,
            "v_scale": 0.10000000149011612,
            "color": [0.5, 0.5, 0.5, 1]
          }
        ]
      },
      "hit": {
        "esb": "bullet01_hit.esb",
        "esb_scale": 1,
        "esb_color": [1, 1, 1, 1]
      }
    },
    "Ammo_EquipVoice": null,
    "AmmoHitSe": null,
    "MuzzleFlash": "",
    "MuzzleFlash_CustomParameter": null,
    "ShellCase": ["", "", 0],
    "ShellCase_CustomParameter": null,
    "ExtPrams": [1],
    "resource": ["app:/weapon/effect/v614_laser.efarc"]
  },
  "strings": [
    "AmmoExplosion",
    "LockonTargetType",
    "BaseAnimation",
    "AmmoColor",
    "LockonAngle",
    "AimAnimation",
    "WeaponIcon",
    "Lockon_AutoTimeOut",
    "ReloadType",
    "MuzzleFlash",
    "AmmoAlive",
    "FireVector",
    "EnergyScroll02.dds",
    "FireType",
    "AmmoClass",
    "AmmoDamageReduce",
    "AmmoDamage",
    "AmmoGravityFactor",
    "AmmoCount",
    "SecondaryFire_Type",
    "AmmoHitImpulseAdjust",
    "AmmoHitSe",
    "AmmoHitSizeAdjust",
    "AmmoIsPenetration",
    "AmmoModel",
    "AmmoOwnerMove",
    "FireCondition",
    "AmmoSize",
    "AmmoSpeed",
    "esb_scale",
    "ReloadInit",
    "Ammo_CustomParameter",
    "LockonTime",
    "Ammo_EquipVoice",
    "AngleAdjust",
    "name.cn",
    "SecondaryFire_Parameter",
    "LockonFailedTime",
    "ChangeAnimation",
    "FireAccuracy",
    "EnergyChargeRequire",
    "ReloadTime",
    "ExtPrams",
    "FireBurstCount",
    "LockonRange",
    "FireBurstInterval",
    "FireCount",
    "FireInterval",
    "FireLoadSe",
    "FireRecoil",
    "FireSe",
    "FireSpreadType",
    "FireSpreadWidth",
    "LockonHoldTime",
    "LockonType",
    "ShellCase_CustomParameter",
    "Lockon_DistributionType",
    "Lockon_FireEndToClear",
    "name.en",
    "ModelConstraint",
    "MuzzleFlash_CustomParameter",
    "ReloadAnimation",
    "ShellCase",
    "ShellCaseDischargeSe",
    "animation_model",
    "scroll",
    "custom_parameter",
    "name.ja",
    "name.kr",
    "name.sc",
    "resource",
    "use_underground",
    "xgs_scene_object_class",
    "Weapon_VehicleShoot",
    "arms_r",
    "レーザー砲",
    "Laser Cannon",
    "雷射砲",
    "레이저포",
    "激光炮",
    "app:/weapon/icon/none",
    "app:/Weapon/v_null.rab",
    "v_null.mdb",
    "waist",
    "",
    "e5w_WD-Mid-PenetrateRifle11",
    "EfsExposureBullet",
    "bullet",
    "efarc",
    "hit",
    "is_converge",
    "app:/weapon/effect/v614_laser.efarc",
    "esb",
    "esb_color",
    "bullet01.esb",
    "color",
    "image",
    "scale",
    "speed",
    "v_scale",
    "EnergyScroll01.dds",
    "bullet01_hit.esb"
  ]
}