{
  "format": "DSGO",
  "endian": "LE",
  "data": {
    "xgs_scene_object_class": "Weapon_VehicleShoot",
    "custom_parameter": [60, 1, 0],
    "use_underground": 1,
    "FireCondition": 0,
    "name.ja": "主砲",
    "name.en": "Main Cannon",
    "name.cn": "主砲",
    "name.kr": "주포",
    "name.sc": "主炮",
    "WeaponIcon": "app:/weapon/icon/none",
    "animation_model": [
      ["app:/Weapon/v_null.rab", "v_null.mdb"],
      0,
      {
        "$SGOTT_EMBED": true,
        "format": "hex",
        "data": "4d4142000f000000830000000300000003001400240000005c00000060000000b0000000000001001800000001000000300000000200000028000000740000007a000000020000003400000044000000240000000000000054000000babababa0000000000000000000000000000803f0000000000000000333333400000803fcdcc4c3dcdcc4c3d0000803e0000803f53474f000201000000000000200000000000000020000000000000002000000030003100000076005f004e0075006c006c000000"
      }
    ],
    "ModelConstraint": ["arms_r"],
    "BaseAnimation": "none",
    "AimAnimation": "",
    "ChangeAnimation": "",
    "ReloadAnimation": "",
    "AmmoCount": 20,
    "EnergyChargeRequire": [-1, -1],
    "ReloadType": 0,
    "ReloadInit": 1,
    "ReloadTime": -1,
    "AngleAdjust": 0,
    "LockonType": 0,
    "LockonTargetType": 0,
    "Lockon_DistributionType": 0,
    "Lockon_FireEndToClear": 1,
    "Lockon_AutoTimeOut": 1,
    "LockonRange": 0,
    "LockonAngle": [0.30000001192092896, 0.30000001192092896],
    "LockonTime": 0,
    "LockonFailedTime": 0,
    "LockonHoldTime": 0,
    "FireType": 0,
    "FireSpreadType": 0,
    "FireSpreadWidth": 0,
    "FireCount": 1,
    "FireInterval": 180,
    "FireBurstCount": 1,
    "FireBurstInterval": 0,
    "FireAccuracy": 0.02500000037252903,
    "FireRecoil": 0.6000000238418579,
    "FireVector": null,
    "FireSe": [
      0,
      "weapon_VHC_tank404_subGunTekko",
      0.6309999823570251,
      0.8909000158309937,
      2,
      30
    ],
    "FireLoadSe": null,
    "ShellCaseDischargeSe": null,
    "SecondaryFire_Type": 0,
    "SecondaryFire_Parameter": [0],
    "AmmoClass": "SolidBullet01Rail",
    "AmmoModel": 0,
    "AmmoSpeed": 6,
    "AmmoOwnerMove": 0,
    "AmmoGravityFactor": 1.5,
    "AmmoAlive": 150,
    "AmmoDamage": 180,
    "AmmoDamageReduce": [1, 1],
    "AmmoExplosion": 0,
    "AmmoIsPenetration": 1,
    "AmmoSize": 1,
    "AmmoHitSizeAdjust": 0.4000000059604645,
    "AmmoHitImpulseAdjust": 1,
    "AmmoColor": [0.800000011920929, 1, 3.200000047683716, 1],
    "Ammo_CustomParameter": null,
    "Ammo_EquipVoice": null,
    "AmmoHitSe": [
      0,
      "common_damages_impactTekko",
      0.8913000226020813,
      1,
      1,
      100
    ],
    "MuzzleFlash": "MuzzleSmoke01",
    "MuzzleFlash_CustomParameter": [
      1,
      0.30000001192092896,
      [1, 1, 1, 1],
      0.05000000074505806,
      [0, 0, -1.600000023841858]
    ],
    "ShellCase": ["", "", 0],
    "ShellCase_CustomParameter": null,
    "ExtPrams": [1]
  },
  "strings": [
    "AmmoExplosion",
    "LockonTargetType",
    "BaseAnimation",
    "AmmoColor",
    "LockonAngle",
    "AimAnimation",
    "WeaponIcon",
    "Lockon_AutoTimeOut",
    "ReloadType",
    "MuzzleFlash",
    "AmmoAlive",
    "FireVector",
    "FireType",
    "AmmoClass",
    "AmmoDamageReduce",
    "AmmoDamage",
    "AmmoGravityFactor",
    "AmmoCount",
    "SecondaryFire_Type",
    "AmmoHitImpulseAdjust",
    "AmmoHitSe",
    "AmmoHitSizeAdjust",
    "주포",
    "AmmoIsPenetration",
    "AmmoModel",
    "AmmoOwnerMove",
    "FireCondition",
    "AmmoSize",
    "AmmoSpeed",
    "ReloadInit",
    "Ammo_CustomParameter",
    "LockonTime",
    "Ammo_EquipVoice",
    "AngleAdjust",
    "name.cn",
    "SecondaryFire_Parameter",
    "LockonFailedTime",
    "ChangeAnimation",
    "FireAccuracy",
    "EnergyChargeRequire",
    "ReloadTime",
    "ExtPrams",
    "FireBurstCount",
    "LockonRange",
    "FireBurstInterval",
    "FireCount",
    "FireInterval",
    "FireLoadSe",
    "FireRecoil",
    "FireSe",
    "FireSpreadType",
    "FireSpreadWidth",
    "LockonHoldTime",
    "LockonType",
    "ShellCase_CustomParameter",
    "Lockon_DistributionType",
    "Lockon_FireEndToClear",
    "name.en",
    "ModelConstraint",
    "MuzzleFlash_CustomParameter",
    "ReloadAnimation",
    "ShellCase",
    "ShellCaseDischargeSe",
    "animation_model",
    "custom_parameter",
    "name.ja",
    "name.kr",
    "name.sc",
    "use_underground",
    "xgs_scene_object_class",
    "Weapon_VehicleShoot",
    "主砲",
    "Main Cannon",
    "主炮",
    "app:/weapon/icon/none",
    "app:/Weapon/v_null.rab",
    "v_null.mdb",
    "arms_r",
    "none",
    "",
    "weapon_VHC_tank404_subGunTekko",
    "SolidBullet01Rail",
    "common_damages_impactTekko",
    "MuzzleSmoke01"
  ]
}