{
  "format": "DSGO",
  "endian": "LE",
  "data": {
    "xgs_scene_object_class": "Weapon_VehicleShoot",
    "custom_parameter": null,
    "use_underground": 1,
    "FireCondition": 0,
    "name.ja": "機関銃",
    "name.en": "Machine Gun",
    "name.cn": "機鎗",
    "name.kr": "기관총",
    "name.sc": "机枪",
    "WeaponIcon": "app:/weapon/icon/none",
    "animation_model": [
      ["app:/Weapon/v_null.rab", "v_null.mdb"],
      0,
      {
        "$SGOTT_EMBED": true,
        "format": "hex",
        "data": "4d4142000f000000830000000300000002001400240000005c00000060000000a0000000000001001800000001000000300000000200000028000000640000006a000000020000002400000034000000240000000000000044000000babababa0000000000000000000000000000803fcdcc4c3dcdcc4c3d0000803e0000803f53474f000201000000000000200000000000000020000000000000002000000030003100000076005f004e0075006c006c000000"
      }
    ],
    "ModelConstraint": ["arms_r"],
    "BaseAnimation": "waist",
    "AimAnimation": "",
    "ChangeAnimation": "",
    "ReloadAnimation": "",
    "AmmoCount": 900,
    "EnergyChargeRequire": [-1, -1],
    "ReloadType": 0,
    "ReloadInit": 1,
    "ReloadTime": -1,
    "AngleAdjust": 0,
    "LockonType": 0,
    "LockonTargetType": 0,
    "Lockon_DistributionType": 0,
    "Lockon_FireEndToClear": 1,
    "Lockon_AutoTimeOut": 1,
    "LockonRange": 0,
    "LockonAngle": [0.30000001192092896, 0.30000001192092896],
    "LockonTime": 0,
    "LockonFailedTime": 0,
    "LockonHoldTime": 0,
    "FireType": 0,
    "FireSpreadType": 0,
    "FireSpreadWidth": 0,
    "FireCount": 1,
    "FireInterval": 3,
    "FireBurstCount": 1,
    "FireBurstInterval": 0,
    "FireAccuracy": 0.02500000037252903,
    "FireRecoil": 0.30000001192092896,
    "FireVector": null,
    "FireSe": [1, "weapon_VHC_tank404_gatling", 1, 0.8909000158309937, 2, 40],
    "FireLoadSe": null,
    "ShellCaseDischargeSe": null,
    "SecondaryFire_Type": 0,
    "SecondaryFire_Parameter": [0],
    "AmmoClass": "SolidBullet01",
    "AmmoModel": 0,
    "AmmoSpeed": 4,
    "AmmoOwnerMove": 0,
    "AmmoGravityFactor": 0,
    "AmmoAlive": 120,
    "AmmoDamage": 10,
    "AmmoDamageReduce": [1, 1],
    "AmmoExplosion": 0,
    "AmmoIsPenetration": 0,
    "AmmoSize": 0.30000001192092896,
    "AmmoHitSizeAdjust": 0.5,
    "AmmoHitImpulseAdjust": 1,
    "AmmoColor": [2.799999952316284, 1.7999999523162842, 1, 1],
    "Ammo_CustomParameter": null,
    "Ammo_EquipVoice": null,
    "AmmoHitSe": null,
    "MuzzleFlash": "MuzzleFlash01",
    "MuzzleFlash_CustomParameter": [
      "マズルフラッシュ01.dds",
      4,
      0.6000000238418579,
      0,
      4,
      2,
      0.15000000596046448,
      4,
      [2.799999952316284, 1.7999999523162842, 1, 1],
      0
    ],
    "ShellCase": ["", "", 0],
    "ShellCase_CustomParameter": null,
    "ExtPrams": [1]
  },
  "strings": [
    "AmmoExplosion",
    "LockonTargetType",
    "BaseAnimation",
    "AmmoColor",
    "LockonAngle",
    "AimAnimation",
    "WeaponIcon",
    "Lockon_AutoTimeOut",
    "ReloadType",
    "MuzzleFlash",
    "AmmoAlive",
    "FireVector",
    "FireType",
    "AmmoClass",
    "AmmoDamageReduce",
    "機関銃",
    "AmmoDamage",
    "AmmoGravityFactor",
    "AmmoCount",
    "SecondaryFire_Type",
    "AmmoHitImpulseAdjust",
    "AmmoHitSe",
    "AmmoHitSizeAdjust",
    "AmmoIsPenetration",
    "AmmoModel",
    "AmmoOwnerMove",
    "FireCondition",
    "AmmoSize",
    "AmmoSpeed",
    "ReloadInit",
    "Ammo_CustomParameter",
    "LockonTime",
    "Ammo_EquipVoice",
    "AngleAdjust",
    "name.cn",
    "SecondaryFire_Parameter",
    "LockonFailedTime",
    "ChangeAnimation",
    "FireAccuracy",
    "EnergyChargeRequire",
    "ReloadTime",
    "ExtPrams",
    "FireBurstCount",
    "LockonRange",
    "FireBurstInterval",
    "FireCount",
    "FireInterval",
    "FireLoadSe",
    "FireRecoil",
    "FireSe",
    "FireSpreadType",
    "FireSpreadWidth",
    "LockonHoldTime",
    "LockonType",
    "ShellCase_CustomParameter",
    "Lockon_DistributionType",
    "Lockon_FireEndToClear",
    "name.en",
    "ModelConstraint",
    "MuzzleFlash_CustomParameter",
    "ReloadAnimation",
    "ShellCase",
    "ShellCaseDischargeSe",
    "animation_model",
    "custom_parameter",
    "name.ja",
    "name.kr",
    "name.sc",
    "use_underground",
    "xgs_scene_object_class",
    "Weapon_VehicleShoot",
    "Machine Gun",
    "機鎗",
    "기관총",
    "机枪",
    "app:/weapon/icon/none",
    "app:/Weapon/v_null.rab",
    "v_null.mdb",
    "arms_r",
    "waist",
    "",
    "weapon_VHC_tank404_gatling",
    "SolidBullet01",
    "MuzzleFlash01",
    "マズルフラッシュ01.dds"
  ]
}