{
  "format": "DSGO",
  "endian": "LE",
  "data": {
    "xgs_scene_object_class": "Weapon_VehicleShoot",
    "custom_parameter": [60, 1, 0],
    "use_underground": 1,
    "FireCondition": 0,
    "name.ja": "メルトストリーマー",
    "name.en": "Melt Streamer",
    "name.cn": "腐蝕流射器",
    "name.kr": "멜트 스트리머",
    "name.sc": "腐蚀流射器",
    "WeaponIcon": "app:/weapon/icon/none",
    "animation_model": [
      ["app:/Weapon/v_null.rab", "v_null.mdb"],
      0,
      {
        "$SGOTT_EMBED": true,
        "format": "hex",
        "data": "4d4142000f000000830000000300000003001400240000005c00000060000000b0000000000001001800000001000000300000000200000028000000740000007a000000020000003400000044000000240000000000000054000000babababa0000000000000000000000000000803f00000000cdcc4c3d9a9909410000803fcdcc4c3dcdcc4c3d0000803e0000803f53474f000201000000000000200000000000000020000000000000002000000030003100000076005f004e0075006c006c000000"
      }
    ],
    "ModelConstraint": ["arms_r"],
    "BaseAnimation": "waist",
    "AimAnimation": "",
    "ChangeAnimation": "",
    "ReloadAnimation": "",
    "AmmoCount": 3000,
    "EnergyChargeRequire": [-1, -1],
    "ReloadType": 0,
    "ReloadInit": 1,
    "ReloadTime": -1,
    "AngleAdjust": 0,
    "LockonType": 0,
    "LockonTargetType": 0,
    "Lockon_DistributionType": 0,
    "Lockon_FireEndToClear": 1,
    "Lockon_AutoTimeOut": 1,
    "LockonRange": 0,
    "LockonAngle": [0.30000001192092896, 0.30000001192092896],
    "LockonTime": 0,
    "LockonFailedTime": 0,
    "LockonHoldTime": 0,
    "FireType": 0,
    "FireSpreadType": 0,
    "FireSpreadWidth": 0,
    "FireCount": 1,
    "FireInterval": 1,
    "FireBurstCount": 1,
    "FireBurstInterval": 0,
    "FireAccuracy": 0.03999999910593033,
    "FireRecoil": 0,
    "FireVector": null,
    "FireSe": [1, "weapon_SPnew_superAcidGun", 1, 0.5, 2, 25],
    "FireLoadSe": null,
    "ShellCaseDischargeSe": null,
    "SecondaryFire_Type": 0,
    "SecondaryFire_Parameter": [0],
    "AmmoClass": "AcidBullet01",
    "AmmoModel": 0,
    "AmmoSpeed": 2,
    "AmmoOwnerMove": 0,
    "AmmoGravityFactor": 1,
    "AmmoAlive": 300,
    "AmmoDamage": 4,
    "AmmoDamageReduce": [1, 1],
    "AmmoExplosion": 0,
    "AmmoIsPenetration": 0,
    "AmmoSize": 0.30000001192092896,
    "AmmoHitSizeAdjust": 1,
    "AmmoHitImpulseAdjust": 1,
    "AmmoColor": [2, 6, 3, 1],
    "Ammo_CustomParameter": [-0.029999999329447746],
    "Ammo_EquipVoice": null,
    "AmmoHitSe": [
      0,
      "common_damages_impactGero",
      0.44999998807907104,
      1,
      1,
      25
    ],
    "MuzzleFlash": "",
    "MuzzleFlash_CustomParameter": null,
    "ShellCase": ["", "", 0],
    "ShellCase_CustomParameter": null,
    "ExtPrams": [1]
  },
  "strings": [
    "AmmoExplosion",
    "LockonTargetType",
    "BaseAnimation",
    "AmmoColor",
    "LockonAngle",
    "AimAnimation",
    "WeaponIcon",
    "Lockon_AutoTimeOut",
    "ReloadType",
    "MuzzleFlash",
    "AmmoAlive",
    "FireVector",
    "FireType",
    "AmmoClass",
    "AmmoDamageReduce",
    "AmmoDamage",
    "AmmoGravityFactor",
    "AmmoCount",
    "SecondaryFire_Type",
    "AmmoHitImpulseAdjust",
    "AmmoHitSe",
    "AmmoHitSizeAdjust",
    "AmmoIsPenetration",
    "AmmoModel",
    "AmmoOwnerMove",
    "FireCondition",
    "AmmoSize",
    "AmmoSpeed",
    "Melt Streamer",
    "ReloadInit",
    "Ammo_CustomParameter",
    "LockonTime",
    "weapon_SPnew_superAcidGun",
    "Ammo_EquipVoice",
    "AngleAdjust",
    "name.cn",
    "SecondaryFire_Parameter",
    "LockonFailedTime",
    "ChangeAnimation",
    "FireAccuracy",
    "EnergyChargeRequire",
    "ReloadTime",
    "ExtPrams",
    "FireBurstCount",
    "LockonRange",
    "FireBurstInterval",
    "FireCount",
    "FireInterval",
    "FireLoadSe",
    "FireRecoil",
    "FireSe",
    "FireSpreadType",
    "FireSpreadWidth",
    "LockonHoldTime",
    "LockonType",
    "ShellCase_CustomParameter",
    "Lockon_DistributionType",
    "Lockon_FireEndToClear",
    "name.en",
    "ModelConstraint",
    "MuzzleFlash_CustomParameter",
    "ReloadAnimation",
    "ShellCase",
    "ShellCaseDischargeSe",
    "animation_model",
    "custom_parameter",
    "name.ja",
    "name.kr",
    "name.sc",
    "use_underground",
    "xgs_scene_object_class",
    "Weapon_VehicleShoot",
    "メルトストリーマー",
    "腐蝕流射器",
    "멜트 스트리머",
    "腐蚀流射器",
    "app:/weapon/icon/none",
    "app:/Weapon/v_null.rab",
    "v_null.mdb",
    "arms_r",
    "waist",
    "",
    "AcidBullet01",
    "common_damages_impactGero"
  ]
}