{
  "format": "DSGO",
  "endian": "LE",
  "data": {
    "xgs_scene_object_class": "Weapon_VehicleShoot",
    "custom_parameter": [60, 100, 0],
    "use_underground": 1,
    "FireCondition": 0,
    "name.ja": "レクイエム砲",
    "name.en": "Requiem Cannon",
    "name.cn": "鎮魂砲",
    "name.kr": "레퀴엠포",
    "name.sc": "镇魂炮",
    "WeaponIcon": "app:/weapon/icon/none",
    "animation_model": [
      ["app:/Weapon/v_null.rab", "v_null.mdb"],
      0,
      {
        "$SGOTT_EMBED": true,
        "format": "hex",
        "data": "4d4142000f000000830000000300000003001400240000005c00000060000000b0000000000001001800000001000000300000000200000028000000740000007a000000020000003400000044000000240000000000000054000000babababa0000000000000000000000000000803f0000000000000000cdcc8c400000803fcdcc4c3dcdcc4c3d0000803e0000803f53474f000201000000000000200000000000000020000000000000002000000030003100000076005f004e0075006c006c000000"
      }
    ],
    "ModelConstraint": ["arms_r"],
    "BaseAnimation": "waist",
    "AimAnimation": "",
    "ChangeAnimation": "",
    "ReloadAnimation": "",
    "AmmoCount": 10,
    "EnergyChargeRequire": [-1, -1],
    "ReloadType": 0,
    "ReloadInit": 1,
    "ReloadTime": -1,
    "AngleAdjust": 0,
    "LockonType": 0,
    "LockonTargetType": 0,
    "Lockon_DistributionType": 0,
    "Lockon_FireEndToClear": 1,
    "Lockon_AutoTimeOut": 1,
    "LockonRange": 0,
    "LockonAngle": [0.30000001192092896, 0.30000001192092896],
    "LockonTime": 0,
    "LockonFailedTime": 0,
    "LockonHoldTime": 0,
    "FireType": 0,
    "FireSpreadType": 0,
    "FireSpreadWidth": 0,
    "FireCount": 1,
    "FireInterval": 300,
    "FireBurstCount": 1,
    "FireBurstInterval": 0,
    "FireAccuracy": 0.02500000037252903,
    "FireRecoil": 0.800000011920929,
    "FireVector": null,
    "FireSe": [0, "weapon_VHC_tank404_cannon", 0.8999999761581421, 0.75, 2, 60],
    "FireLoadSe": null,
    "ShellCaseDischargeSe": null,
    "SecondaryFire_Type": 0,
    "SecondaryFire_Parameter": [0],
    "AmmoClass": "RocketBullet01",
    "AmmoModel": 0,
    "AmmoSpeed": 8,
    "AmmoOwnerMove": 0,
    "AmmoGravityFactor": 0,
    "AmmoAlive": 300,
    "AmmoDamage": 750,
    "AmmoDamageReduce": [1, 1],
    "AmmoExplosion": 30,
    "AmmoIsPenetration": 0,
    "AmmoSize": 15,
    "AmmoHitSizeAdjust": 1,
    "AmmoHitImpulseAdjust": 1,
    "AmmoColor": [3.75, 2.5, 1.25, 1],
    "Ammo_CustomParameter": [0, 40, 0, 0.009999999776482582],
    "Ammo_EquipVoice": null,
    "AmmoHitSe": [0, "common_damages_explode_L", 1, 1, 3, 200],
    "MuzzleFlash": "MuzzleSmoke01",
    "MuzzleFlash_CustomParameter": [
      0,
      1,
      [1, 1, 1, 1],
      0.05000000074505806,
      [0, 0, -1.600000023841858]
    ],
    "ShellCase": ["", "", 0],
    "ShellCase_CustomParameter": null,
    "ExtPrams": [1]
  },
  "strings": [
    "AmmoExplosion",
    "LockonTargetType",
    "BaseAnimation",
    "AmmoColor",
    "LockonAngle",
    "AimAnimation",
    "common_damages_explode_L",
    "WeaponIcon",
    "Lockon_AutoTimeOut",
    "ReloadType",
    "MuzzleFlash",
    "AmmoAlive",
    "FireVector",
    "FireType",
    "AmmoClass",
    "AmmoDamageReduce",
    "AmmoDamage",
    "AmmoGravityFactor",
    "AmmoCount",
    "SecondaryFire_Type",
    "AmmoHitImpulseAdjust",
    "AmmoHitSe",
    "AmmoHitSizeAdjust",
    "AmmoIsPenetration",
    "AmmoModel",
    "AmmoOwnerMove",
    "FireCondition",
    "AmmoSize",
    "AmmoSpeed",
    "ReloadInit",
    "Ammo_CustomParameter",
    "LockonTime",
    "Ammo_EquipVoice",
    "AngleAdjust",
    "name.cn",
    "SecondaryFire_Parameter",
    "LockonFailedTime",
    "ChangeAnimation",
    "FireAccuracy",
    "EnergyChargeRequire",
    "ReloadTime",
    "ExtPrams",
    "FireBurstCount",
    "LockonRange",
    "FireBurstInterval",
    "FireCount",
    "FireInterval",
    "FireLoadSe",
    "FireRecoil",
    "FireSe",
    "FireSpreadType",
    "FireSpreadWidth",
    "LockonHoldTime",
    "LockonType",
    "ShellCase_CustomParameter",
    "Lockon_DistributionType",
    "Lockon_FireEndToClear",
    "name.en",
    "ModelConstraint",
    "MuzzleFlash_CustomParameter",
    "ReloadAnimation",
    "ShellCase",
    "ShellCaseDischargeSe",
    "animation_model",
    "custom_parameter",
    "name.ja",
    "name.kr",
    "name.sc",
    "use_underground",
    "xgs_scene_object_class",
    "Weapon_VehicleShoot",
    "レクイエム砲",
    "Requiem Cannon",
    "鎮魂砲",
    "레퀴엠포",
    "镇魂炮",
    "app:/weapon/icon/none",
    "app:/Weapon/v_null.rab",
    "v_null.mdb",
    "arms_r",
    "waist",
    "",
    "weapon_VHC_tank404_cannon",
    "RocketBullet01",
    "MuzzleSmoke01"
  ]
}