{
  "format": "DSGO",
  "endian": "LE",
  "data": {
    "xgs_scene_object_class": "Weapon_VehicleShoot",
    "custom_parameter": null,
    "use_underground": 1,
    "FireCondition": 0,
    "name.ja": "ロケット砲",
    "name.en": "Rocket Cannon",
    "name.cn": "火箭砲",
    "name.kr": "로켓포",
    "name.sc": "火箭炮",
    "WeaponIcon": "app:/weapon/icon/none",
    "animation_model": [
      ["app:/Weapon/v_null.rab", "v_null.mdb"],
      0,
      {
        "$SGOTT_EMBED": true,
        "format": "hex",
        "data": "4d4142000f00000083000000030000000600260024000000bc000000c000000040010000000004001800000001000000900000000200000088000000040100001c01000002000000b4000000940000008400000000000000e4000000ea000000fc0000000200000084000000740000006400000000000000c4000000d0000000dc0000000200000084000000540000004400000000000000a4000000b6000000bc000000020000007400000034000000240000000000000084000000babababa0000000000000000000000000000803fcdcc4c3dcdcc4c3d0000803e0000803f295caf3f8fc2f5be0000c03f0000803f48e1fa3f48e1fabecdcc8c3f0000803f295cafbf8fc2f5be0000c03f0000803f48e1fabf48e1fabecdcc8c3f0000803f53474f000201000000000000200000000000000020000000000000002000000030003100000030003200000030003300000030003400000076005f004e0075006c006c000000"
      }
    ],
    "ModelConstraint": ["arms_r"],
    "BaseAnimation": "waist",
    "AimAnimation": "",
    "ChangeAnimation": "",
    "ReloadAnimation": "",
    "AmmoCount": 48,
    "EnergyChargeRequire": [-1, -1],
    "ReloadType": 0,
    "ReloadInit": 1,
    "ReloadTime": -1,
    "AngleAdjust": 0,
    "LockonType": 0,
    "LockonTargetType": 0,
    "Lockon_DistributionType": 0,
    "Lockon_FireEndToClear": 1,
    "Lockon_AutoTimeOut": 1,
    "LockonRange": 0,
    "LockonAngle": [0.30000001192092896, 0.30000001192092896],
    "LockonTime": 0,
    "LockonFailedTime": 0,
    "LockonHoldTime": 0,
    "FireType": 0,
    "FireSpreadType": 0,
    "FireSpreadWidth": 0,
    "FireCount": 1,
    "FireInterval": 120,
    "FireBurstCount": 8,
    "FireBurstInterval": 10,
    "FireAccuracy": 0.05000000074505806,
    "FireRecoil": 0.6000000238418579,
    "FireVector": null,
    "FireSe": [0, "weapon_VHC_heli409_rocket", 0.6499999761581421, 1, 1, 40],
    "FireLoadSe": null,
    "ShellCaseDischargeSe": null,
    "SecondaryFire_Type": 0,
    "SecondaryFire_Parameter": [0],
    "AmmoClass": "MissileBullet01",
    "AmmoModel": "app:/WEAPON/bullet_missile.rab",
    "AmmoSpeed": 0.5,
    "AmmoOwnerMove": 0,
    "AmmoGravityFactor": 1,
    "AmmoAlive": 2400,
    "AmmoDamage": 120,
    "AmmoDamageReduce": [1, 1],
    "AmmoExplosion": 8,
    "AmmoIsPenetration": 0,
    "AmmoSize": 3,
    "AmmoHitSizeAdjust": 1,
    "AmmoHitImpulseAdjust": 1,
    "AmmoColor": [1, 1, 1, 0.5],
    "Ammo_CustomParameter": [
      0,
      0,
      300,
      [0, 0, -0.05000000074505806],
      0.029999999329447746,
      0.20000000298023224,
      10,
      [90, 0.9800000190734863],
      120,
      0,
      null,
      [0, "weapon_VHC_heli409_rocketGo", 0.6499999761581421, 1, 3, 50]
    ],
    "Ammo_EquipVoice": null,
    "AmmoHitSe": [0, "common_damages_explode_M", 1, 1, 1, 200],
    "MuzzleFlash": "MuzzleSmoke01",
    "MuzzleFlash_CustomParameter": [
      1,
      0.30000001192092896,
      [1, 1, 1, 1],
      0.05000000074505806,
      [0, 0, -1.600000023841858]
    ],
    "ShellCase": ["", "", 0],
    "ShellCase_CustomParameter": null,
    "ExtPrams": [1],
    "resource": ["app:/WEAPON/bullet_missile.rab"]
  },
  "strings": [
    "AmmoExplosion",
    "LockonTargetType",
    "BaseAnimation",
    "AmmoColor",
    "LockonAngle",
    "AimAnimation",
    "WeaponIcon",
    "Lockon_AutoTimeOut",
    "ReloadType",
    "MuzzleFlash",
    "AmmoAlive",
    "FireVector",
    "FireType",
    "AmmoClass",
    "AmmoDamageReduce",
    "AmmoDamage",
    "AmmoGravityFactor",
    "AmmoCount",
    "SecondaryFire_Type",
    "AmmoHitImpulseAdjust",
    "AmmoHitSe",
    "AmmoHitSizeAdjust",
    "AmmoIsPenetration",
    "AmmoModel",
    "AmmoOwnerMove",
    "FireCondition",
    "AmmoSize",
    "AmmoSpeed",
    "ReloadInit",
    "Ammo_CustomParameter",
    "LockonTime",
    "Ammo_EquipVoice",
    "AngleAdjust",
    "name.cn",
    "SecondaryFire_Parameter",
    "LockonFailedTime",
    "ChangeAnimation",
    "FireAccuracy",
    "EnergyChargeRequire",
    "ReloadTime",
    "ExtPrams",
    "FireBurstCount",
    "LockonRange",
    "FireBurstInterval",
    "FireCount",
    "FireInterval",
    "FireLoadSe",
    "FireRecoil",
    "FireSe",
    "FireSpreadType",
    "FireSpreadWidth",
    "LockonHoldTime",
    "LockonType",
    "ShellCase_CustomParameter",
    "Lockon_DistributionType",
    "Lockon_FireEndToClear",
    "name.en",
    "ModelConstraint",
    "MuzzleFlash_CustomParameter",
    "ReloadAnimation",
    "ShellCase",
    "ShellCaseDischargeSe",
    "animation_model",
    "custom_parameter",
    "name.ja",
    "name.kr",
    "name.sc",
    "resource",
    "use_underground",
    "xgs_scene_object_class",
    "Weapon_VehicleShoot",
    "ロケット砲",
    "Rocket Cannon",
    "weapon_VHC_heli409_rocket",
    "火箭砲",
    "로켓포",
    "火箭炮",
    "app:/weapon/icon/none",
    "app:/Weapon/v_null.rab",
    "v_null.mdb",
    "arms_r",
    "waist",
    "",
    "MissileBullet01",
    "app:/WEAPON/bullet_missile.rab",
    "weapon_VHC_heli409_rocketGo",
    "common_damages_explode_M",
    "MuzzleSmoke01"
  ]
}