{
  "format": "DSGO",
  "endian": "LE",
  "data": {
    "xgs_scene_object_class": "Weapon_VehicleShoot",
    "custom_parameter": [60, 100, 0],
    "use_underground": 1,
    "FireCondition": 0,
    "name.ja": "リボルバーロケットカノン(右)",
    "name.en": "Revolver Rocket Cannon (Right)",
    "name.cn": "轉輪式火箭加農砲（右）",
    "name.kr": "리볼버 로켓 캐넌(우)",
    "name.sc": "转轮式火箭加农炮（右）",
    "WeaponIcon": "app:/weapon/icon/none",
    "animation_model": [
      ["app:/Weapon/v_504_a_cannon_r.rab", "v_504_a_cannon_r.mdb"],
      0,
      {
        "$SGOTT_EMBED": true,
        "format": "hex",
        "data": "4d4142000f000000830000000300000003000e00240000005c00000060000000b0000000000001001800000001000000300000000200000028000000740000007a000000020000004400000034000000240000000000000054000000babababa0000000000000000000000000000803f0000003e0000003eb6f37d3d0000803f0c02abbe000000009a9939400000803f53474f00020100000000000020000000000000002000000000000000200000003000310000006d0064006c000000"
      }
    ],
    "ModelConstraint": ["arms_r"],
    "BaseAnimation": "none",
    "AimAnimation": "",
    "ChangeAnimation": "",
    "ReloadAnimation": "",
    "AmmoCount": 80,
    "EnergyChargeRequire": [-1, -1],
    "ReloadType": 0,
    "ReloadInit": 1,
    "ReloadTime": -1,
    "AngleAdjust": 0,
    "LockonType": 0,
    "LockonTargetType": 0,
    "Lockon_DistributionType": 0,
    "Lockon_FireEndToClear": 1,
    "Lockon_AutoTimeOut": 1,
    "LockonRange": 0,
    "LockonAngle": [0.30000001192092896, 0.30000001192092896],
    "LockonTime": 0,
    "LockonFailedTime": 0,
    "LockonHoldTime": 0,
    "FireType": 0,
    "FireSpreadType": 0,
    "FireSpreadWidth": 0,
    "FireCount": 1,
    "FireInterval": 80,
    "FireBurstCount": 6,
    "FireBurstInterval": 15,
    "FireAccuracy": 0.05000000074505806,
    "FireRecoil": 0.30000001192092896,
    "FireVector": null,
    "FireSe": [
      0,
      "weapon_VHC_begaruta406_rocket",
      0.7078999876976013,
      1,
      1,
      40
    ],
    "FireLoadSe": null,
    "ShellCaseDischargeSe": null,
    "SecondaryFire_Type": 0,
    "SecondaryFire_Parameter": [0],
    "AmmoClass": "MissileBullet01",
    "AmmoModel": "app:/WEAPON/bullet_missile.rab",
    "AmmoSpeed": 0.10000000149011612,
    "AmmoOwnerMove": 0,
    "AmmoGravityFactor": 0.75,
    "AmmoAlive": 1200,
    "AmmoDamage": 100,
    "AmmoDamageReduce": [1, 1],
    "AmmoExplosion": 8,
    "AmmoIsPenetration": 0,
    "AmmoSize": 2,
    "AmmoHitSizeAdjust": 1,
    "AmmoHitImpulseAdjust": 1,
    "AmmoColor": [1, 1, 1, 0.5],
    "Ammo_CustomParameter": [
      0,
      0,
      120,
      [0, 0, -0.05000000074505806],
      0.009999999776482582,
      0,
      10,
      [0, 0.9800000190734863],
      120,
      0,
      null,
      [0, "weapon_VHC_begaruta406_rocketGo", 0.6499999761581421, 1, 3, 50]
    ],
    "Ammo_EquipVoice": null,
    "AmmoHitSe": [0, "common_damages_explode_M", 1, 1, 1, 200],
    "MuzzleFlash": "MuzzleSmoke01",
    "MuzzleFlash_CustomParameter": [
      0,
      0.800000011920929,
      [1, 1, 1, 1],
      0.05000000074505806,
      [0, 0, -1.600000023841858]
    ],
    "ShellCase": ["", "", 0],
    "ShellCase_CustomParameter": null,
    "ExtPrams": [1],
    "resource": ["app:/WEAPON/bullet_missile.rab"]
  },
  "strings": [
    "AmmoExplosion",
    "LockonTargetType",
    "BaseAnimation",
    "AmmoColor",
    "LockonAngle",
    "AimAnimation",
    "WeaponIcon",
    "Lockon_AutoTimeOut",
    "ReloadType",
    "MuzzleFlash",
    "AmmoAlive",
    "FireVector",
    "FireType",
    "AmmoClass",
    "AmmoDamageReduce",
    "AmmoDamage",
    "AmmoGravityFactor",
    "AmmoCount",
    "SecondaryFire_Type",
    "AmmoHitImpulseAdjust",
    "AmmoHitSe",
    "AmmoHitSizeAdjust",
    "AmmoIsPenetration",
    "AmmoModel",
    "AmmoOwnerMove",
    "FireCondition",
    "AmmoSize",
    "AmmoSpeed",
    "ReloadInit",
    "Ammo_CustomParameter",
    "LockonTime",
    "Ammo_EquipVoice",
    "AngleAdjust",
    "name.cn",
    "SecondaryFire_Parameter",
    "LockonFailedTime",
    "ChangeAnimation",
    "FireAccuracy",
    "EnergyChargeRequire",
    "ReloadTime",
    "ExtPrams",
    "FireBurstCount",
    "LockonRange",
    "FireBurstInterval",
    "FireCount",
    "リボルバーロケットカノン(右)",
    "FireInterval",
    "FireLoadSe",
    "FireRecoil",
    "FireSe",
    "FireSpreadType",
    "FireSpreadWidth",
    "LockonHoldTime",
    "LockonType",
    "ShellCase_CustomParameter",
    "Lockon_DistributionType",
    "Lockon_FireEndToClear",
    "name.en",
    "ModelConstraint",
    "MuzzleFlash_CustomParameter",
    "ReloadAnimation",
    "ShellCase",
    "ShellCaseDischargeSe",
    "animation_model",
    "custom_parameter",
    "v_504_a_cannon_r.mdb",
    "name.ja",
    "name.kr",
    "name.sc",
    "resource",
    "use_underground",
    "xgs_scene_object_class",
    "Weapon_VehicleShoot",
    "Revolver Rocket Cannon (Right)",
    "轉輪式火箭加農砲（右）",
    "리볼버 로켓 캐넌(우)",
    "转轮式火箭加农炮（右）",
    "app:/weapon/icon/none",
    "app:/Weapon/v_504_a_cannon_r.rab",
    "arms_r",
    "none",
    "",
    "weapon_VHC_begaruta406_rocketGo",
    "weapon_VHC_begaruta406_rocket",
    "MissileBullet01",
    "app:/WEAPON/bullet_missile.rab",
    "common_damages_explode_M",
    "MuzzleSmoke01"
  ]
}