{
  "format": "DSGO",
  "endian": "LE",
  "data": {
    "xgs_scene_object_class": "Weapon_VehicleShoot",
    "custom_parameter": [60, 1, 0],
    "use_underground": 1,
    "FireCondition": 0,
    "name.ja": "パワーダインＧＣ",
    "name.en": "Powerdyne GC",
    "name.cn": "動力達因ＧＣ",
    "name.kr": "파워다인 GC",
    "name.sc": "动力达因ＧＣ",
    "WeaponIcon": "app:/weapon/icon/none",
    "animation_model": [
      [
        "app:/Weapon/v_612_s_beamlongCannon_l.rab",
        "v_612_s_beamlongCannon_l.mdb"
      ],
      0,
      {
        "$SGOTT_EMBED": true,
        "format": "hex",
        "data": "4d4142000f000000830000000300000003003800240000005c00000060000000b0000000000001001800000001000000300000000200000028000000740000007a000000020000004400000034000000240000000000000054000000babababa0000000000000000000000000000803f0000003e0000003eb6f37d3d0000803f5c8fc23e1f858b3fc3f5b0400000803f53474f000201000000000000200000000000000020000000000000002000000030003100000076005f003600310032005f0073005f006200650061006d006c006f006e006700430061006e006e006f006e005f006c000000"
      }
    ],
    "ModelConstraint": ["arms_r"],
    "BaseAnimation": "none",
    "AimAnimation": "",
    "ChangeAnimation": "",
    "ReloadAnimation": "",
    "AmmoCount": 8,
    "EnergyChargeRequire": [-1, -1],
    "ReloadType": 0,
    "ReloadInit": 1,
    "ReloadTime": -1,
    "AngleAdjust": 0,
    "LockonType": 0,
    "LockonTargetType": 0,
    "Lockon_DistributionType": 0,
    "Lockon_FireEndToClear": 1,
    "Lockon_AutoTimeOut": 1,
    "LockonRange": 0,
    "LockonAngle": [0.30000001192092896, 0.30000001192092896],
    "LockonTime": 0,
    "LockonFailedTime": 0,
    "LockonHoldTime": 0,
    "FireType": 0,
    "FireSpreadType": 0,
    "FireSpreadWidth": 0,
    "FireCount": 1,
    "FireInterval": 80,
    "FireBurstCount": 1,
    "FireBurstInterval": 0,
    "FireAccuracy": 0,
    "FireRecoil": 0.3499999940395355,
    "FireVector": null,
    "FireSe": [0, "weapon_VHC_powerDineEC", 1, 1, 1, 25],
    "FireLoadSe": null,
    "ShellCaseDischargeSe": null,
    "SecondaryFire_Type": 1,
    "SecondaryFire_Parameter": 4,
    "AmmoClass": "RocketBullet01",
    "AmmoModel": 0,
    "AmmoSpeed": 20,
    "AmmoOwnerMove": 0,
    "AmmoGravityFactor": 0,
    "AmmoAlive": 120,
    "AmmoDamage": 700,
    "AmmoDamageReduce": [1, 1],
    "AmmoExplosion": 30,
    "AmmoIsPenetration": 0,
    "AmmoSize": 5,
    "AmmoHitSizeAdjust": 1,
    "AmmoHitImpulseAdjust": 1,
    "AmmoColor": [3.5, 3.5, 10, 0.5],
    "Ammo_CustomParameter": [2, 16, 0, 0],
    "Ammo_EquipVoice": null,
    "AmmoHitSe": [0, "e6common_damages_explode_PowerDineEC", 1, 1, 1, 200],
    "MuzzleFlash": "LaserMuzzleFlash01",
    "MuzzleFlash_CustomParameter": [
      "Particle3_k.dds",
      2,
      [1, 0.3499999940395355, 0.3499999940395355, 0.5],
      60
    ],
    "ShellCase": ["", "", 0],
    "ShellCase_CustomParameter": null,
    "ExtPrams": [1]
  },
  "strings": [
    "AmmoExplosion",
    "LockonTargetType",
    "BaseAnimation",
    "AmmoColor",
    "LockonAngle",
    "AimAnimation",
    "WeaponIcon",
    "Lockon_AutoTimeOut",
    "ReloadType",
    "MuzzleFlash",
    "AmmoAlive",
    "FireVector",
    "FireType",
    "AmmoClass",
    "AmmoDamageReduce",
    "AmmoDamage",
    "AmmoGravityFactor",
    "AmmoCount",
    "SecondaryFire_Type",
    "AmmoHitImpulseAdjust",
    "AmmoHitSe",
    "AmmoHitSizeAdjust",
    "AmmoIsPenetration",
    "AmmoModel",
    "AmmoOwnerMove",
    "v_612_s_beamlongCannon_l.mdb",
    "FireCondition",
    "AmmoSize",
    "AmmoSpeed",
    "ReloadInit",
    "Ammo_CustomParameter",
    "LockonTime",
    "Ammo_EquipVoice",
    "AngleAdjust",
    "name.cn",
    "SecondaryFire_Parameter",
    "LockonFailedTime",
    "ChangeAnimation",
    "FireAccuracy",
    "EnergyChargeRequire",
    "ReloadTime",
    "ExtPrams",
    "FireBurstCount",
    "LockonRange",
    "FireBurstInterval",
    "FireCount",
    "FireInterval",
    "FireLoadSe",
    "FireRecoil",
    "FireSe",
    "FireSpreadType",
    "FireSpreadWidth",
    "LockonHoldTime",
    "LockonType",
    "ShellCase_CustomParameter",
    "Lockon_DistributionType",
    "Lockon_FireEndToClear",
    "name.en",
    "ModelConstraint",
    "MuzzleFlash_CustomParameter",
    "ReloadAnimation",
    "ShellCase",
    "ShellCaseDischargeSe",
    "animation_model",
    "custom_parameter",
    "name.ja",
    "name.kr",
    "name.sc",
    "use_underground",
    "xgs_scene_object_class",
    "Weapon_VehicleShoot",
    "パワーダインＧＣ",
    "Powerdyne GC",
    "動力達因ＧＣ",
    "파워다인 GC",
    "动力达因ＧＣ",
    "app:/weapon/icon/none",
    "",
    "app:/Weapon/v_612_s_beamlongCannon_l.rab",
    "arms_r",
    "none",
    "weapon_VHC_powerDineEC",
    "RocketBullet01",
    "e6common_damages_explode_PowerDineEC",
    "LaserMuzzleFlash01",
    "Particle3_k.dds"
  ]
}