{
  "format": "DSGO",
  "endian": "LE",
  "data": {
    "xgs_scene_object_class": "Weapon_VehicleShoot",
    "custom_parameter": null,
    "use_underground": 1,
    "FireCondition": 0,
    "name.ja": "連装ナパーム砲",
    "name.en": "Twin Napalm Gun",
    "name.cn": "連裝燒夷砲",
    "name.kr": "연장 네이팜포",
    "name.sc": "连装烧夷炮",
    "WeaponIcon": "app:/weapon/icon/none",
    "animation_model": [
      ["app:/Weapon/v_null.rab", "v_null.mdb"],
      0,
      {
        "$SGOTT_EMBED": true,
        "format": "hex",
        "data": "4d4142000f00000083000000030000000600260024000000bc000000c000000040010000000004001800000001000000900000000200000088000000040100001c01000002000000a4000000940000008400000000000000e4000000ea000000fc00000002000000a4000000740000006400000000000000c4000000d0000000dc0000000200000094000000540000004400000000000000a4000000b6000000bc000000020000005400000034000000240000000000000084000000babababa0000000000000000000000000000803fcdcc4c3dcdcc4c3dcdcccc3c0000803f6666863f1f852bbfcdcc4c3e0000803fae47e13f1f852bbfcdcc4c3e0000803f666686bf1f852bbfcdcc4c3e0000803fae47e1bf1f852bbfcdcc4c3e0000803f53474f000201000000000000200000000000000020000000000000002000000030003100000030003200000030003300000030003400000076005f004e0075006c006c000000"
      }
    ],
    "ModelConstraint": ["arms_r"],
    "BaseAnimation": "none",
    "AimAnimation": "",
    "ChangeAnimation": "",
    "ReloadAnimation": "",
    "AmmoCount": 60,
    "EnergyChargeRequire": [-1, -1],
    "ReloadType": 0,
    "ReloadInit": 1,
    "ReloadTime": -1,
    "AngleAdjust": 0,
    "LockonType": 0,
    "LockonTargetType": 0,
    "Lockon_DistributionType": 0,
    "Lockon_FireEndToClear": 1,
    "Lockon_AutoTimeOut": 1,
    "LockonRange": 500,
    "LockonAngle": [0.15000000596046448, 0.20000000298023224],
    "LockonTime": 30,
    "LockonFailedTime": 0,
    "LockonHoldTime": 600,
    "FireType": 0,
    "FireSpreadType": 0,
    "FireSpreadWidth": 0,
    "FireCount": 1,
    "FireInterval": 360,
    "FireBurstCount": 6,
    "FireBurstInterval": 4,
    "FireAccuracy": 0.20000000298023224,
    "FireRecoil": 0.5,
    "FireVector": null,
    "FireSe": [0, "weapon_VHC_heli302_missile", 0.8999999761581421, 1, 1, 40],
    "FireLoadSe": null,
    "ShellCaseDischargeSe": null,
    "SecondaryFire_Type": 0,
    "SecondaryFire_Parameter": [0],
    "AmmoClass": "NapalmBullet01",
    "AmmoModel": "app:/WEAPON/bullet_missile.rab",
    "AmmoSpeed": 3,
    "AmmoOwnerMove": 0,
    "AmmoGravityFactor": 1,
    "AmmoAlive": 360,
    "AmmoDamage": 75,
    "AmmoDamageReduce": [1, 1],
    "AmmoExplosion": 0,
    "AmmoIsPenetration": 0,
    "AmmoSize": 8,
    "AmmoHitSizeAdjust": 1,
    "AmmoHitImpulseAdjust": 1,
    "AmmoColor": [1, 1, 1, 0.5],
    "Ammo_CustomParameter": [
      0,
      [0, 1.2999999523162842],
      0.05000000074505806,
      60,
      [
        [0, 0],
        [0, 0],
        120,
        4,
        "FlameBullet02",
        0.6000000238418579,
        -2,
        4,
        1,
        0,
        60,
        1,
        [10, 10, 10, 1],
        [0, 0.10000000149011612, 0.8999999761581421, 0, [-1, -5, -5, 0]],
        0,
        0,
        0,
        0,
        0
      ],
      [1, "common_damages_impactNapalm", 0.8500000238418579, 1, 2, 25]
    ],
    "Ammo_EquipVoice": null,
    "AmmoHitSe": null,
    "MuzzleFlash": "MuzzleSmoke01",
    "MuzzleFlash_CustomParameter": [
      1,
      0.30000001192092896,
      [1, 1, 1, 1],
      0.05000000074505806,
      [0, 0, -1.600000023841858]
    ],
    "ShellCase": ["", "", 0],
    "ShellCase_CustomParameter": null,
    "ExtPrams": [1],
    "resource": ["app:/WEAPON/bullet_missile.rab"]
  },
  "strings": [
    "AmmoExplosion",
    "LockonTargetType",
    "BaseAnimation",
    "AmmoColor",
    "LockonAngle",
    "AimAnimation",
    "WeaponIcon",
    "Lockon_AutoTimeOut",
    "ReloadType",
    "連裝燒夷砲",
    "MuzzleFlash",
    "AmmoAlive",
    "FireVector",
    "FireType",
    "AmmoClass",
    "AmmoDamageReduce",
    "AmmoDamage",
    "AmmoGravityFactor",
    "AmmoCount",
    "SecondaryFire_Type",
    "AmmoHitImpulseAdjust",
    "AmmoHitSe",
    "AmmoHitSizeAdjust",
    "AmmoIsPenetration",
    "AmmoModel",
    "AmmoOwnerMove",
    "FireCondition",
    "AmmoSize",
    "AmmoSpeed",
    "ReloadInit",
    "Ammo_CustomParameter",
    "LockonTime",
    "Ammo_EquipVoice",
    "AngleAdjust",
    "name.cn",
    "SecondaryFire_Parameter",
    "LockonFailedTime",
    "ChangeAnimation",
    "FireAccuracy",
    "EnergyChargeRequire",
    "ReloadTime",
    "ExtPrams",
    "FireBurstCount",
    "LockonRange",
    "FireBurstInterval",
    "FireCount",
    "FireInterval",
    "FireLoadSe",
    "FireRecoil",
    "FireSe",
    "FireSpreadType",
    "FireSpreadWidth",
    "LockonHoldTime",
    "LockonType",
    "ShellCase_CustomParameter",
    "Lockon_DistributionType",
    "Lockon_FireEndToClear",
    "name.en",
    "ModelConstraint",
    "MuzzleFlash_CustomParameter",
    "ReloadAnimation",
    "ShellCase",
    "ShellCaseDischargeSe",
    "animation_model",
    "custom_parameter",
    "name.ja",
    "name.kr",
    "name.sc",
    "resource",
    "use_underground",
    "xgs_scene_object_class",
    "Weapon_VehicleShoot",
    "連装ナパーム砲",
    "Twin Napalm Gun",
    "연장 네이팜포",
    "连装烧夷炮",
    "app:/weapon/icon/none",
    "app:/Weapon/v_null.rab",
    "v_null.mdb",
    "arms_r",
    "none",
    "",
    "weapon_VHC_heli302_missile",
    "NapalmBullet01",
    "app:/WEAPON/bullet_missile.rab",
    "FlameBullet02",
    "common_damages_impactNapalm",
    "MuzzleSmoke01"
  ]
}