{
  "format": "DSGO",
  "endian": "LE",
  "data": {
    "xgs_scene_object_class": "Weapon_VehicleShoot",
    "custom_parameter": [60, 1, 0],
    "use_underground": 1,
    "FireCondition": 0,
    "name.ja": "エクスプロージョン（右）",
    "name.en": "Explosion (Right)",
    "name.cn": "炸裂砲（右）",
    "name.kr": "익스플로전(우)",
    "name.sc": "炸裂炮（右）",
    "WeaponIcon": "app:/weapon/icon/none",
    "animation_model": [
      ["app:/Weapon/v_504_s_canistershot_r.rab", "v_504_s_canistershot_r.mdb"],
      0,
      {
        "$SGOTT_EMBED": true,
        "format": "hex",
        "data": "4d4142000f000000830000000300000003000e00240000005c00000060000000b0000000000001001800000001000000300000000200000028000000740000007a000000020000004400000034000000240000000000000054000000babababa0000000000000000000000000000803f0000003e0000003eb6f37d3d0000803fcdccccbea4709d3f666696400000803f53474f00020100000000000020000000000000002000000000000000200000003000310000006d0064006c000000"
      }
    ],
    "ModelConstraint": ["arms_r"],
    "BaseAnimation": "none",
    "AimAnimation": "",
    "ChangeAnimation": "",
    "ReloadAnimation": "",
    "AmmoCount": 10,
    "EnergyChargeRequire": [-1, -1],
    "ReloadType": 0,
    "ReloadInit": 1,
    "ReloadTime": -1,
    "AngleAdjust": 0,
    "LockonType": 0,
    "LockonTargetType": 0,
    "Lockon_DistributionType": 0,
    "Lockon_FireEndToClear": 1,
    "Lockon_AutoTimeOut": 1,
    "LockonRange": 0,
    "LockonAngle": [0.30000001192092896, 0.30000001192092896],
    "LockonTime": 0,
    "LockonFailedTime": 0,
    "LockonHoldTime": 0,
    "FireType": 0,
    "FireSpreadType": 0,
    "FireSpreadWidth": 0,
    "FireCount": 20,
    "FireInterval": 120,
    "FireBurstCount": 1,
    "FireBurstInterval": 0,
    "FireAccuracy": 0.25,
    "FireRecoil": 0.6000000238418579,
    "FireVector": null,
    "FireSe": [
      0,
      "weapon_VHC_begaruta406_longCannonTekko",
      0.7078999876976013,
      0.943880021572113,
      1,
      40
    ],
    "FireLoadSe": null,
    "ShellCaseDischargeSe": null,
    "SecondaryFire_Type": 0,
    "SecondaryFire_Parameter": [0],
    "AmmoClass": "GrenadeBullet01",
    "AmmoModel": "app:/WEAPON/bullet_grenade.rab",
    "AmmoSpeed": 4,
    "AmmoOwnerMove": 0,
    "AmmoGravityFactor": 1,
    "AmmoAlive": 10,
    "AmmoDamage": 90,
    "AmmoDamageReduce": [1, 1],
    "AmmoExplosion": 8,
    "AmmoIsPenetration": 1,
    "AmmoSize": 1.2000000476837158,
    "AmmoHitSizeAdjust": 1,
    "AmmoHitImpulseAdjust": 1,
    "AmmoColor": [1, 1, 1, 0.5],
    "Ammo_CustomParameter": [
      1,
      -0.004000000189989805,
      1,
      0.20000000298023224,
      0.05000000074505806,
      240,
      30
    ],
    "Ammo_EquipVoice": null,
    "AmmoHitSe": [
      0,
      "common_damages_impactTekko",
      0.8913000226020813,
      1,
      1,
      100
    ],
    "MuzzleFlash": "MuzzleFlash02",
    "MuzzleFlash_CustomParameter": [
      "マズルフラッシュパターン.dds",
      8,
      1,
      0,
      8,
      4,
      0.800000011920929,
      4,
      [0.699999988079071, 1.2000000476837158, 2.4000000953674316, 1],
      0
    ],
    "ShellCase": ["", "", 0],
    "ShellCase_CustomParameter": null,
    "ExtPrams": [1],
    "resource": ["app:/WEAPON/bullet_grenade.rab"]
  },
  "strings": [
    "MuzzleFlash02",
    "AmmoExplosion",
    "LockonTargetType",
    "BaseAnimation",
    "AmmoColor",
    "LockonAngle",
    "AimAnimation",
    "WeaponIcon",
    "Lockon_AutoTimeOut",
    "ReloadType",
    "MuzzleFlash",
    "AmmoAlive",
    "FireVector",
    "FireType",
    "AmmoClass",
    "AmmoDamageReduce",
    "AmmoDamage",
    "AmmoGravityFactor",
    "AmmoCount",
    "app:/Weapon/v_504_s_canistershot_r.rab",
    "SecondaryFire_Type",
    "AmmoHitImpulseAdjust",
    "AmmoHitSe",
    "AmmoHitSizeAdjust",
    "AmmoIsPenetration",
    "AmmoModel",
    "AmmoOwnerMove",
    "FireCondition",
    "AmmoSize",
    "AmmoSpeed",
    "ReloadInit",
    "Ammo_CustomParameter",
    "LockonTime",
    "Ammo_EquipVoice",
    "AngleAdjust",
    "name.cn",
    "SecondaryFire_Parameter",
    "LockonFailedTime",
    "ChangeAnimation",
    "FireAccuracy",
    "EnergyChargeRequire",
    "ReloadTime",
    "ExtPrams",
    "FireBurstCount",
    "LockonRange",
    "FireBurstInterval",
    "FireCount",
    "FireInterval",
    "FireLoadSe",
    "FireRecoil",
    "FireSe",
    "FireSpreadType",
    "FireSpreadWidth",
    "LockonHoldTime",
    "LockonType",
    "ShellCase_CustomParameter",
    "Lockon_DistributionType",
    "Lockon_FireEndToClear",
    "name.en",
    "ModelConstraint",
    "MuzzleFlash_CustomParameter",
    "炸裂炮（右）",
    "ReloadAnimation",
    "ShellCase",
    "ShellCaseDischargeSe",
    "animation_model",
    "custom_parameter",
    "name.ja",
    "name.kr",
    "name.sc",
    "resource",
    "use_underground",
    "xgs_scene_object_class",
    "Weapon_VehicleShoot",
    "エクスプロージョン（右）",
    "Explosion (Right)",
    "炸裂砲（右）",
    "익스플로전(우)",
    "app:/weapon/icon/none",
    "v_504_s_canistershot_r.mdb",
    "arms_r",
    "none",
    "",
    "weapon_VHC_begaruta406_longCannonTekko",
    "GrenadeBullet01",
    "app:/WEAPON/bullet_grenade.rab",
    "common_damages_impactTekko",
    "マズルフラッシュパターン.dds"
  ]
}