{
  "format": "DSGO",
  "endian": "LE",
  "data": {
    "xgs_scene_object_class": "Weapon_VehicleShoot",
    "custom_parameter": null,
    "use_underground": 1,
    "FireCondition": 0,
    "name.ja": "ガン・タレット",
    "name.en": "Gun Turret",
    "name.cn": "鎗型砲塔",
    "name.kr": "건 터릿",
    "name.sc": "枪型炮塔",
    "WeaponIcon": "app:/weapon/icon/none",
    "animation_model": [
      ["app:/Weapon/v_null.rab", "v_null.mdb"],
      0,
      {
        "$SGOTT_EMBED": true,
        "format": "hex",
        "data": "4d4142000f000000830000000300000004001a00240000007c00000080000000e0000000000002001800000001000000500000000200000048000000a4000000b00000000200000064000000540000004400000000000000840000008a00000090000000020000005400000034000000240000000000000064000000babababa0000000000000000000000000000803fcdcc4c3dcdcc4c3d0000803e0000803f0000003f00000000000080400000803f000000bf00000000000080400000803f53474f000201000000000000200000000000000020000000000000002000000030003100000030003200000076005f004e0075006c006c000000"
      }
    ],
    "ModelConstraint": ["arms_r"],
    "BaseAnimation": "none",
    "AimAnimation": "",
    "ChangeAnimation": "",
    "ReloadAnimation": "",
    "AmmoCount": 400,
    "EnergyChargeRequire": [-1, -1],
    "ReloadType": 0,
    "ReloadInit": 1,
    "ReloadTime": -1,
    "AngleAdjust": 0,
    "LockonType": 0,
    "LockonTargetType": 0,
    "Lockon_DistributionType": 0,
    "Lockon_FireEndToClear": 1,
    "Lockon_AutoTimeOut": 1,
    "LockonRange": 0,
    "LockonAngle": [0.30000001192092896, 0.30000001192092896],
    "LockonTime": 0,
    "LockonFailedTime": 0,
    "LockonHoldTime": 0,
    "FireType": 0,
    "FireSpreadType": 0,
    "FireSpreadWidth": 0,
    "FireCount": 1,
    "FireInterval": 240,
    "FireBurstCount": 50,
    "FireBurstInterval": 3,
    "FireAccuracy": 0.02500000037252903,
    "FireRecoil": 0.6000000238418579,
    "FireVector": null,
    "FireSe": [
      0,
      "weapon_VHC_begaruta406_cannonTekko",
      0.7078999876976013,
      1,
      1,
      40
    ],
    "FireLoadSe": null,
    "ShellCaseDischargeSe": null,
    "SecondaryFire_Type": 0,
    "SecondaryFire_Parameter": [0],
    "AmmoClass": "SolidBullet01",
    "AmmoModel": 0,
    "AmmoSpeed": 6,
    "AmmoOwnerMove": 0,
    "AmmoGravityFactor": 0,
    "AmmoAlive": 120,
    "AmmoDamage": 8,
    "AmmoDamageReduce": [1, 1],
    "AmmoExplosion": 0,
    "AmmoIsPenetration": 1,
    "AmmoSize": 0.8999999761581421,
    "AmmoHitSizeAdjust": 0.5,
    "AmmoHitImpulseAdjust": 1,
    "AmmoColor": [2.200000047683716, 3.200000047683716, 1.600000023841858, 1],
    "Ammo_CustomParameter": null,
    "Ammo_EquipVoice": null,
    "AmmoHitSe": [
      0,
      "common_damages_impactTekko",
      0.8913000226020813,
      1,
      1,
      100
    ],
    "MuzzleFlash": "MuzzleFlash01",
    "MuzzleFlash_CustomParameter": [
      "マズルフラッシュ01.dds",
      8,
      0.800000011920929,
      0,
      3,
      4,
      0.5,
      4,
      [2, 3, 1.600000023841858, 1],
      0
    ],
    "ShellCase": ["", "", 0],
    "ShellCase_CustomParameter": null,
    "ExtPrams": [1]
  },
  "strings": [
    "AmmoExplosion",
    "LockonTargetType",
    "BaseAnimation",
    "AmmoColor",
    "LockonAngle",
    "AimAnimation",
    "WeaponIcon",
    "Lockon_AutoTimeOut",
    "ReloadType",
    "MuzzleFlash",
    "AmmoAlive",
    "FireVector",
    "FireType",
    "AmmoClass",
    "AmmoDamageReduce",
    "AmmoDamage",
    "AmmoGravityFactor",
    "AmmoCount",
    "SecondaryFire_Type",
    "AmmoHitImpulseAdjust",
    "AmmoHitSe",
    "AmmoHitSizeAdjust",
    "AmmoIsPenetration",
    "AmmoModel",
    "AmmoOwnerMove",
    "FireCondition",
    "AmmoSize",
    "AmmoSpeed",
    "ReloadInit",
    "Ammo_CustomParameter",
    "LockonTime",
    "Ammo_EquipVoice",
    "AngleAdjust",
    "name.cn",
    "SecondaryFire_Parameter",
    "LockonFailedTime",
    "ChangeAnimation",
    "FireAccuracy",
    "EnergyChargeRequire",
    "ReloadTime",
    "ExtPrams",
    "FireBurstCount",
    "LockonRange",
    "FireBurstInterval",
    "FireCount",
    "FireInterval",
    "FireLoadSe",
    "FireRecoil",
    "FireSe",
    "FireSpreadType",
    "FireSpreadWidth",
    "LockonHoldTime",
    "LockonType",
    "ShellCase_CustomParameter",
    "Lockon_DistributionType",
    "Lockon_FireEndToClear",
    "name.en",
    "ModelConstraint",
    "MuzzleFlash_CustomParameter",
    "ReloadAnimation",
    "ShellCase",
    "ShellCaseDischargeSe",
    "animation_model",
    "custom_parameter",
    "name.ja",
    "name.kr",
    "name.sc",
    "use_underground",
    "xgs_scene_object_class",
    "Weapon_VehicleShoot",
    "ガン・タレット",
    "Gun Turret",
    "鎗型砲塔",
    "건 터릿",
    "v_null.mdb",
    "枪型炮塔",
    "app:/weapon/icon/none",
    "app:/Weapon/v_null.rab",
    "arms_r",
    "none",
    "",
    "weapon_VHC_begaruta406_cannonTekko",
    "SolidBullet01",
    "common_damages_impactTekko",
    "MuzzleFlash01",
    "マズルフラッシュ01.dds"
  ]
}