{
  "format": "DSGO",
  "endian": "LE",
  "data": {
    "xgs_scene_object_class": "Weapon_VehicleShoot",
    "custom_parameter": [60, 1, 1],
    "use_underground": 1,
    "FireCondition": 0,
    "name.ja": "大型グレネードランチャー(右)",
    "name.en": "Large Grenade Launcher (Right)",
    "name.cn": "大型榴彈發射器（右）",
    "name.kr": "대형 그레네이드 런처(우)",
    "name.sc": "大型榴弹发射器（右）",
    "WeaponIcon": "app:/weapon/icon/none",
    "animation_model": [
      ["app:/Weapon/v_504_a_cannon_r.rab", "v_504_a_cannon_r.mdb"],
      0,
      {
        "$SGOTT_EMBED": true,
        "format": "hex",
        "data": "4d4142000f000000830000000300000003000e00240000005c00000060000000b0000000000001001800000001000000300000000200000028000000740000007a000000020000004400000034000000240000000000000054000000babababa0000000000000000000000000000803f0000003e0000003eb6f37d3d0000803f0c02abbe000000009a9939400000803f53474f00020100000000000020000000000000002000000000000000200000003000310000006d0064006c000000"
      }
    ],
    "ModelConstraint": ["arms_r"],
    "BaseAnimation": "none",
    "AimAnimation": "",
    "ChangeAnimation": "",
    "ReloadAnimation": "",
    "AmmoCount": 40,
    "EnergyChargeRequire": [-1, -1],
    "ReloadType": 0,
    "ReloadInit": 1,
    "ReloadTime": -1,
    "AngleAdjust": 0,
    "LockonType": 0,
    "LockonTargetType": 0,
    "Lockon_DistributionType": 0,
    "Lockon_FireEndToClear": 1,
    "Lockon_AutoTimeOut": 1,
    "LockonRange": 0,
    "LockonAngle": [0.30000001192092896, 0.30000001192092896],
    "LockonTime": 0,
    "LockonFailedTime": 0,
    "LockonHoldTime": 0,
    "FireType": 0,
    "FireSpreadType": 0,
    "FireSpreadWidth": 0,
    "FireCount": 1,
    "FireInterval": 40,
    "FireBurstCount": 1,
    "FireBurstInterval": 0,
    "FireAccuracy": 0.012500000186264515,
    "FireRecoil": 0.30000001192092896,
    "FireVector": null,
    "FireSe": [
      0,
      "weapon_VHC_begaruta406_cannon",
      0.7078999876976013,
      1,
      1,
      40
    ],
    "FireLoadSe": null,
    "ShellCaseDischargeSe": null,
    "SecondaryFire_Type": 0,
    "SecondaryFire_Parameter": [0],
    "AmmoClass": "GrenadeBullet01",
    "AmmoModel": "app:/WEAPON/bullet_grenade.rab",
    "AmmoSpeed": 2,
    "AmmoOwnerMove": 1,
    "AmmoGravityFactor": 2,
    "AmmoAlive": 240,
    "AmmoDamage": 80,
    "AmmoDamageReduce": [1, 1],
    "AmmoExplosion": 12,
    "AmmoIsPenetration": 0,
    "AmmoSize": 5,
    "AmmoHitSizeAdjust": 1,
    "AmmoHitImpulseAdjust": 1,
    "AmmoColor": [0.5, 0.5, 0.5, 1],
    "Ammo_CustomParameter": [
      1,
      -0.004000000189989805,
      1,
      0.20000000298023224,
      0.05000000074505806,
      240
    ],
    "Ammo_EquipVoice": null,
    "AmmoHitSe": [0, "common_damages_explode_S", 1, 1, 1, 200],
    "MuzzleFlash": "",
    "MuzzleFlash_CustomParameter": null,
    "ShellCase": [
      "ShellCase_RB",
      "app:/Weapon/ShellCase401l.rab",
      [0, "weapon_Common_shell_srifle", 0.2800000011920929, 1, 1, 5]
    ],
    "ShellCase_CustomParameter": null,
    "ExtPrams": [1],
    "resource": [
      "app:/WEAPON/bullet_grenade.rab",
      "app:/Weapon/ShellCase401l.rab",
      "app:/Weapon/ShellCase401l.shkt"
    ]
  },
  "strings": [
    "AmmoExplosion",
    "LockonTargetType",
    "BaseAnimation",
    "AmmoColor",
    "LockonAngle",
    "AimAnimation",
    "WeaponIcon",
    "Lockon_AutoTimeOut",
    "ReloadType",
    "MuzzleFlash",
    "AmmoAlive",
    "FireVector",
    "FireType",
    "AmmoClass",
    "AmmoDamageReduce",
    "AmmoDamage",
    "AmmoGravityFactor",
    "AmmoCount",
    "SecondaryFire_Type",
    "AmmoHitImpulseAdjust",
    "AmmoHitSe",
    "AmmoHitSizeAdjust",
    "AmmoIsPenetration",
    "AmmoModel",
    "AmmoOwnerMove",
    "FireCondition",
    "AmmoSize",
    "AmmoSpeed",
    "ReloadInit",
    "Ammo_CustomParameter",
    "LockonTime",
    "Ammo_EquipVoice",
    "AngleAdjust",
    "name.cn",
    "SecondaryFire_Parameter",
    "LockonFailedTime",
    "ChangeAnimation",
    "FireAccuracy",
    "EnergyChargeRequire",
    "ReloadTime",
    "ExtPrams",
    "FireBurstCount",
    "LockonRange",
    "FireBurstInterval",
    "FireCount",
    "FireInterval",
    "FireLoadSe",
    "FireRecoil",
    "FireSe",
    "FireSpreadType",
    "FireSpreadWidth",
    "LockonHoldTime",
    "LockonType",
    "ShellCase_CustomParameter",
    "Lockon_DistributionType",
    "Lockon_FireEndToClear",
    "name.en",
    "ModelConstraint",
    "MuzzleFlash_CustomParameter",
    "ReloadAnimation",
    "ShellCase",
    "ShellCaseDischargeSe",
    "animation_model",
    "custom_parameter",
    "v_504_a_cannon_r.mdb",
    "name.ja",
    "name.kr",
    "name.sc",
    "resource",
    "use_underground",
    "xgs_scene_object_class",
    "Weapon_VehicleShoot",
    "大型グレネードランチャー(右)",
    "Large Grenade Launcher (Right)",
    "大型榴彈發射器（右）",
    "대형 그레네이드 런처(우)",
    "大型榴弹发射器（右）",
    "app:/weapon/icon/none",
    "app:/Weapon/v_504_a_cannon_r.rab",
    "arms_r",
    "none",
    "",
    "weapon_VHC_begaruta406_cannon",
    "GrenadeBullet01",
    "app:/WEAPON/bullet_grenade.rab",
    "common_damages_explode_S",
    "ShellCase_RB",
    "app:/Weapon/ShellCase401l.rab",
    "weapon_Common_shell_srifle",
    "app:/Weapon/ShellCase401l.shkt"
  ]
}