{
  "format": "DSGO",
  "endian": "LE",
  "data": {
    "xgs_scene_object_class": "Weapon_VehicleShoot",
    "custom_parameter": [60, 1, 0],
    "use_underground": 1,
    "FireCondition": 0,
    "name.ja": "１１０ミリ滑腔砲",
    "name.en": "110mm Smooth-Bore Gun",
    "name.cn": "１１０毫米滑膛砲",
    "name.kr": "110mm 활강포",
    "name.sc": "１１０毫米滑膛炮",
    "WeaponIcon": "app:/weapon/icon/none",
    "animation_model": [
      ["app:/Weapon/v_null.rab", "v_null.mdb"],
      0,
      {
        "$SGOTT_EMBED": true,
        "format": "hex",
        "data": "4d4142000f000000830000000300000003001400240000005c00000060000000b0000000000001001800000001000000300000000200000028000000740000007a000000020000003400000044000000240000000000000054000000babababa0000000000000000000000000000803f0000000000000000333333400000803fcdcc4c3dcdcc4c3d0000803e0000803f53474f000201000000000000200000000000000020000000000000002000000030003100000076005f004e0075006c006c000000"
      }
    ],
    "ModelConstraint": ["arms_r"],
    "BaseAnimation": "none",
    "AimAnimation": "",
    "ChangeAnimation": "",
    "ReloadAnimation": "",
    "AmmoCount": 30,
    "EnergyChargeRequire": [-1, -1],
    "ReloadType": 0,
    "ReloadInit": 1,
    "ReloadTime": -1,
    "AngleAdjust": 0,
    "LockonType": 0,
    "LockonTargetType": 0,
    "Lockon_DistributionType": 0,
    "Lockon_FireEndToClear": 1,
    "Lockon_AutoTimeOut": 1,
    "LockonRange": 0,
    "LockonAngle": [0.30000001192092896, 0.30000001192092896],
    "LockonTime": 0,
    "LockonFailedTime": 0,
    "LockonHoldTime": 0,
    "FireType": 0,
    "FireSpreadType": 0,
    "FireSpreadWidth": 0,
    "FireCount": 1,
    "FireInterval": 100,
    "FireBurstCount": 1,
    "FireBurstInterval": 0,
    "FireAccuracy": 0.02500000037252903,
    "FireRecoil": 0.6000000238418579,
    "FireVector": null,
    "FireSe": [
      0,
      "weapon_VHC_tank404_subGunTekko",
      1,
      0.8909000158309937,
      2,
      40
    ],
    "FireLoadSe": null,
    "ShellCaseDischargeSe": null,
    "SecondaryFire_Type": 0,
    "SecondaryFire_Parameter": [0],
    "AmmoClass": "SolidBullet01Rail",
    "AmmoModel": 0,
    "AmmoSpeed": 24,
    "AmmoOwnerMove": 0,
    "AmmoGravityFactor": 0.10000000149011612,
    "AmmoAlive": 100,
    "AmmoDamage": 350,
    "AmmoDamageReduce": [1, 1],
    "AmmoExplosion": 0,
    "AmmoIsPenetration": 1,
    "AmmoSize": 2.25,
    "AmmoHitSizeAdjust": 0.4000000059604645,
    "AmmoHitImpulseAdjust": 1,
    "AmmoColor": [3.200000047683716, 0.800000011920929, 1, 1],
    "Ammo_CustomParameter": null,
    "Ammo_EquipVoice": null,
    "AmmoHitSe": [
      0,
      "common_damages_impactTekko",
      0.8913000226020813,
      1,
      1,
      100
    ],
    "MuzzleFlash": "MuzzleFlash02",
    "MuzzleFlash_CustomParameter": [
      "マズルフラッシュパターン.dds",
      6,
      1.2000000476837158,
      1.75,
      2,
      6,
      1.2000000476837158,
      4,
      [4, 3, 2, 1],
      0
    ],
    "ShellCase": ["", "", 0],
    "ShellCase_CustomParameter": null,
    "ExtPrams": [1]
  },
  "strings": [
    "MuzzleFlash02",
    "AmmoExplosion",
    "LockonTargetType",
    "BaseAnimation",
    "AmmoColor",
    "LockonAngle",
    "AimAnimation",
    "WeaponIcon",
    "Lockon_AutoTimeOut",
    "ReloadType",
    "MuzzleFlash",
    "AmmoAlive",
    "FireVector",
    "FireType",
    "AmmoClass",
    "AmmoDamageReduce",
    "AmmoDamage",
    "AmmoGravityFactor",
    "AmmoCount",
    "SecondaryFire_Type",
    "AmmoHitImpulseAdjust",
    "AmmoHitSe",
    "AmmoHitSizeAdjust",
    "AmmoIsPenetration",
    "AmmoModel",
    "AmmoOwnerMove",
    "FireCondition",
    "AmmoSize",
    "AmmoSpeed",
    "ReloadInit",
    "Ammo_CustomParameter",
    "LockonTime",
    "Ammo_EquipVoice",
    "AngleAdjust",
    "name.cn",
    "SecondaryFire_Parameter",
    "LockonFailedTime",
    "ChangeAnimation",
    "FireAccuracy",
    "EnergyChargeRequire",
    "ReloadTime",
    "ExtPrams",
    "１１０毫米滑膛砲",
    "FireBurstCount",
    "LockonRange",
    "FireBurstInterval",
    "FireCount",
    "FireInterval",
    "FireLoadSe",
    "FireRecoil",
    "FireSe",
    "FireSpreadType",
    "FireSpreadWidth",
    "LockonHoldTime",
    "LockonType",
    "ShellCase_CustomParameter",
    "Lockon_DistributionType",
    "Lockon_FireEndToClear",
    "name.en",
    "ModelConstraint",
    "MuzzleFlash_CustomParameter",
    "ReloadAnimation",
    "ShellCase",
    "ShellCaseDischargeSe",
    "animation_model",
    "custom_parameter",
    "name.ja",
    "name.kr",
    "name.sc",
    "use_underground",
    "xgs_scene_object_class",
    "Weapon_VehicleShoot",
    "１１０ミリ滑腔砲",
    "110mm Smooth-Bore Gun",
    "110mm 활강포",
    "１１０毫米滑膛炮",
    "app:/weapon/icon/none",
    "app:/Weapon/v_null.rab",
    "v_null.mdb",
    "arms_r",
    "none",
    "",
    "weapon_VHC_tank404_subGunTekko",
    "SolidBullet01Rail",
    "common_damages_impactTekko",
    "マズルフラッシュパターン.dds"
  ]
}