{
  "format": "DSGO",
  "endian": "LE",
  "data": {
    "xgs_scene_object_class": "Weapon_VehicleShoot",
    "custom_parameter": [60, 1, 0],
    "use_underground": 1,
    "FireCondition": 0,
    "name.ja": "パワーセイバー",
    "name.en": "Power Saber",
    "name.cn": "動力光刃",
    "name.kr": "파워 세이버",
    "name.sc": "动力光刃",
    "WeaponIcon": "app:/weapon/icon/none",
    "animation_model": [
      ["app:/Weapon/v_612_h_saber.rab", "v_612_h_saber.mdb"],
      0,
      {
        "$SGOTT_EMBED": true,
        "format": "hex",
        "data": "4d4142000f000000830000000300000003002200240000005c00000060000000b0000000000001001800000001000000300000000200000028000000740000007a000000020000003400000044000000240000000000000054000000babababa0000000000000000000000000000803f000000001d5a043fd9ce87400000803fcdcccc3dcdcccc3dcdcc4c3d0000803f53474f000201000000000000200000000000000020000000000000002000000030003100000076005f003600310032005f0068005f00730061006200650072000000"
      }
    ],
    "ModelConstraint": ["arms_r"],
    "BaseAnimation": "none",
    "AimAnimation": "",
    "ChangeAnimation": "",
    "ReloadAnimation": "",
    "AmmoCount": 6000,
    "EnergyChargeRequire": [-1, -1],
    "ReloadType": 0,
    "ReloadInit": 1,
    "ReloadTime": -1,
    "AngleAdjust": 0,
    "LockonType": 0,
    "LockonTargetType": 0,
    "Lockon_DistributionType": 0,
    "Lockon_FireEndToClear": 1,
    "Lockon_AutoTimeOut": 1,
    "LockonRange": 0,
    "LockonAngle": [0.30000001192092896, 0.30000001192092896],
    "LockonTime": 0,
    "LockonFailedTime": 0,
    "LockonHoldTime": 0,
    "FireType": 0,
    "FireSpreadType": 0,
    "FireSpreadWidth": 0,
    "FireCount": 1,
    "FireInterval": 30,
    "FireBurstCount": 300,
    "FireBurstInterval": 0,
    "FireAccuracy": 0,
    "FireRecoil": 0.30000001192092896,
    "FireVector": null,
    "FireSe": [1, "e5w_WD-Mid-PenetrateRifle11", 0.6000000238418579, 1, 2, 25],
    "FireLoadSe": null,
    "ShellCaseDischargeSe": null,
    "SecondaryFire_Type": 0,
    "SecondaryFire_Parameter": [0],
    "AmmoClass": "LaserBullet01",
    "AmmoModel": 0,
    "AmmoSpeed": 15,
    "AmmoOwnerMove": 0,
    "AmmoGravityFactor": 0,
    "AmmoAlive": 5,
    "AmmoDamage": 8,
    "AmmoDamageReduce": [1, 1],
    "AmmoExplosion": 0,
    "AmmoIsPenetration": 1,
    "AmmoSize": 0.5,
    "AmmoHitSizeAdjust": 1,
    "AmmoHitImpulseAdjust": 0.004999999888241291,
    "AmmoColor": [3, 3, 10, 0.5],
    "Ammo_CustomParameter": [
      [1, 1, 1, 1],
      [1, 1, 1, 1],
      5,
      20,
      10,
      10,
      0,
      1.5,
      6.400000095367432,
      0.5,
      30,
      10
    ],
    "Ammo_EquipVoice": null,
    "AmmoHitSe": null,
    "MuzzleFlash": "LaserMuzzleFlash01",
    "MuzzleFlash_CustomParameter": [
      "Particle3_k.dds",
      0.25,
      [1, 0.3499999940395355, 0.3499999940395355, 0.5],
      2
    ],
    "ShellCase": ["", "", 0],
    "ShellCase_CustomParameter": null,
    "ExtPrams": [1]
  },
  "strings": [
    "AmmoExplosion",
    "LockonTargetType",
    "BaseAnimation",
    "AmmoColor",
    "LockonAngle",
    "AimAnimation",
    "WeaponIcon",
    "Lockon_AutoTimeOut",
    "ReloadType",
    "MuzzleFlash",
    "AmmoAlive",
    "FireVector",
    "FireType",
    "AmmoClass",
    "AmmoDamageReduce",
    "AmmoDamage",
    "AmmoGravityFactor",
    "AmmoCount",
    "SecondaryFire_Type",
    "app:/Weapon/v_612_h_saber.rab",
    "AmmoHitImpulseAdjust",
    "AmmoHitSe",
    "AmmoHitSizeAdjust",
    "AmmoIsPenetration",
    "AmmoModel",
    "AmmoOwnerMove",
    "FireCondition",
    "AmmoSize",
    "AmmoSpeed",
    "ReloadInit",
    "Ammo_CustomParameter",
    "LockonTime",
    "Ammo_EquipVoice",
    "AngleAdjust",
    "name.cn",
    "SecondaryFire_Parameter",
    "LockonFailedTime",
    "Power Saber",
    "ChangeAnimation",
    "FireAccuracy",
    "EnergyChargeRequire",
    "ReloadTime",
    "ExtPrams",
    "FireBurstCount",
    "LockonRange",
    "FireBurstInterval",
    "FireCount",
    "FireInterval",
    "FireLoadSe",
    "FireRecoil",
    "FireSe",
    "FireSpreadType",
    "FireSpreadWidth",
    "LockonHoldTime",
    "LockonType",
    "ShellCase_CustomParameter",
    "Lockon_DistributionType",
    "Lockon_FireEndToClear",
    "name.en",
    "ModelConstraint",
    "MuzzleFlash_CustomParameter",
    "ReloadAnimation",
    "ShellCase",
    "ShellCaseDischargeSe",
    "animation_model",
    "custom_parameter",
    "name.ja",
    "name.kr",
    "name.sc",
    "use_underground",
    "xgs_scene_object_class",
    "Weapon_VehicleShoot",
    "パワーセイバー",
    "動力光刃",
    "파워 세이버",
    "动力光刃",
    "app:/weapon/icon/none",
    "v_612_h_saber.mdb",
    "arms_r",
    "none",
    "",
    "e5w_WD-Mid-PenetrateRifle11",
    "LaserBullet01",
    "LaserMuzzleFlash01",
    "Particle3_k.dds"
  ]
}