{
  "format": "DSGO",
  "endian": "LE",
  "data": {
    "xgs_scene_object_class": "Weapon_VehicleShoot",
    "custom_parameter": [60, 1, 0],
    "use_underground": 1,
    "FireCondition": 0,
    "name.ja": "ヘビーリボルバーカノン(左)",
    "name.en": "Heavy Revolver Cannon (Left)",
    "name.cn": "重型轉輪式加農砲（左）",
    "name.kr": "헤비 리볼버 캐넌(좌)",
    "name.sc": "重型转轮式加农炮（左）",
    "WeaponIcon": "app:/weapon/icon/none",
    "animation_model": [
      ["app:/Weapon/v_504_a_cannon_l.rab", "v_504_a_cannon_l.mdb"],
      0,
      {
        "$SGOTT_EMBED": true,
        "format": "hex",
        "data": "4d4142000f000000830000000300000003000e00240000005c00000060000000b0000000000001001800000001000000300000000200000028000000740000007a000000020000004400000034000000240000000000000054000000babababa0000000000000000000000000000803f0000003e0000003eb6f37d3d0000803f0c02ab3e000000009a9939400000803f53474f00020100000000000020000000000000002000000000000000200000003000310000006d0064006c000000"
      }
    ],
    "ModelConstraint": ["arms_r"],
    "BaseAnimation": "none",
    "AimAnimation": "",
    "ChangeAnimation": "",
    "ReloadAnimation": "",
    "AmmoCount": 72,
    "EnergyChargeRequire": [-1, -1],
    "ReloadType": 0,
    "ReloadInit": 1,
    "ReloadTime": -1,
    "AngleAdjust": 0,
    "LockonType": 0,
    "LockonTargetType": 0,
    "Lockon_DistributionType": 0,
    "Lockon_FireEndToClear": 1,
    "Lockon_AutoTimeOut": 1,
    "LockonRange": 0,
    "LockonAngle": [0.30000001192092896, 0.30000001192092896],
    "LockonTime": 0,
    "LockonFailedTime": 0,
    "LockonHoldTime": 0,
    "FireType": 0,
    "FireSpreadType": 0,
    "FireSpreadWidth": 0,
    "FireCount": 1,
    "FireInterval": 80,
    "FireBurstCount": 3,
    "FireBurstInterval": 10,
    "FireAccuracy": 0.02500000037252903,
    "FireRecoil": 0.6000000238418579,
    "FireVector": null,
    "FireSe": [
      0,
      "weapon_VHC_begaruta406_cannonTekko",
      0.7078999876976013,
      1,
      1,
      40
    ],
    "FireLoadSe": null,
    "ShellCaseDischargeSe": null,
    "SecondaryFire_Type": 0,
    "SecondaryFire_Parameter": [0],
    "AmmoClass": "SolidBullet01",
    "AmmoModel": 0,
    "AmmoSpeed": 6,
    "AmmoOwnerMove": 0,
    "AmmoGravityFactor": 2,
    "AmmoAlive": 120,
    "AmmoDamage": 100,
    "AmmoDamageReduce": [1, 1],
    "AmmoExplosion": 0,
    "AmmoIsPenetration": 1,
    "AmmoSize": 0.8999999761581421,
    "AmmoHitSizeAdjust": 0.5,
    "AmmoHitImpulseAdjust": 1,
    "AmmoColor": [2.200000047683716, 3.200000047683716, 1.600000023841858, 1],
    "Ammo_CustomParameter": null,
    "Ammo_EquipVoice": null,
    "AmmoHitSe": [
      0,
      "common_damages_impactTekko",
      0.8913000226020813,
      1,
      1,
      100
    ],
    "MuzzleFlash": "MuzzleFlash01",
    "MuzzleFlash_CustomParameter": [
      "マズルフラッシュ01.dds",
      8,
      0.800000011920929,
      0,
      3,
      4,
      0.5,
      4,
      [2, 3, 1.600000023841858, 1],
      0
    ],
    "ShellCase": ["", "", 0],
    "ShellCase_CustomParameter": null,
    "ExtPrams": [1]
  },
  "strings": [
    "AmmoExplosion",
    "LockonTargetType",
    "BaseAnimation",
    "AmmoColor",
    "LockonAngle",
    "AimAnimation",
    "WeaponIcon",
    "Lockon_AutoTimeOut",
    "ReloadType",
    "MuzzleFlash",
    "AmmoAlive",
    "FireVector",
    "FireType",
    "AmmoClass",
    "AmmoDamageReduce",
    "AmmoDamage",
    "AmmoGravityFactor",
    "AmmoCount",
    "SecondaryFire_Type",
    "AmmoHitImpulseAdjust",
    "AmmoHitSe",
    "AmmoHitSizeAdjust",
    "AmmoIsPenetration",
    "AmmoModel",
    "AmmoOwnerMove",
    "FireCondition",
    "AmmoSize",
    "AmmoSpeed",
    "ReloadInit",
    "Ammo_CustomParameter",
    "LockonTime",
    "Ammo_EquipVoice",
    "AngleAdjust",
    "name.cn",
    "SecondaryFire_Parameter",
    "LockonFailedTime",
    "ChangeAnimation",
    "FireAccuracy",
    "EnergyChargeRequire",
    "ReloadTime",
    "ExtPrams",
    "Heavy Revolver Cannon (Left)",
    "FireBurstCount",
    "LockonRange",
    "FireBurstInterval",
    "FireCount",
    "FireInterval",
    "FireLoadSe",
    "FireRecoil",
    "FireSe",
    "FireSpreadType",
    "FireSpreadWidth",
    "LockonHoldTime",
    "LockonType",
    "ShellCase_CustomParameter",
    "Lockon_DistributionType",
    "Lockon_FireEndToClear",
    "name.en",
    "ModelConstraint",
    "MuzzleFlash_CustomParameter",
    "ReloadAnimation",
    "ShellCase",
    "ShellCaseDischargeSe",
    "animation_model",
    "custom_parameter",
    "name.ja",
    "name.kr",
    "name.sc",
    "use_underground",
    "xgs_scene_object_class",
    "Weapon_VehicleShoot",
    "ヘビーリボルバーカノン(左)",
    "重型轉輪式加農砲（左）",
    "マズルフラッシュ01.dds",
    "헤비 리볼버 캐넌(좌)",
    "重型转轮式加农炮（左）",
    "app:/weapon/icon/none",
    "app:/Weapon/v_504_a_cannon_l.rab",
    "v_504_a_cannon_l.mdb",
    "arms_r",
    "none",
    "",
    "weapon_VHC_begaruta406_cannonTekko",
    "SolidBullet01",
    "common_damages_impactTekko",
    "MuzzleFlash01"
  ]
}