{
  "format": "DSGO",
  "endian": "LE",
  "data": {
    "xgs_scene_object_class": "Weapon_VehicleShoot",
    "custom_parameter": [4, 100, 1],
    "use_underground": 1,
    "FireCondition": 0,
    "name.ja": "ハイサイクル・ランチャー（左）",
    "name.en": "High-Cycle Launcher (Left)",
    "name.cn": "高週波發射器（左）",
    "name.kr": "하이 사이클 런처(좌)",
    "name.sc": "高周波发射器（左）",
    "WeaponIcon": "app:/weapon/icon/none",
    "animation_model": [
      [
        "app:/Weapon/v_502_groundrobo_launcher_l.rab",
        "v_502_groundrobo_launcher_l.mdb"
      ],
      0,
      {
        "$SGOTT_EMBED": true,
        "format": "hex",
        "data": "4d4142000f000000830000000300000003001200240000005c00000060000000f0000000000001001800000001000000300000000200000028000000b4000000ba000000020000004400000034000000240000000000000054000000babababa0000000000000000000000000000803fcdcc4c3dcdcc4c3dcdcc4c3d0000803f6f1283bb7d3ff53e60e520400000803f53474f00020100000100000020000000010000002c0000000000000034000000010000000400000001000000080000000000000066006900720065005f006d006f00640065006c005f0064006900720065006300740069006f006e00000000003000310000006a006f0069006e0074000000"
      }
    ],
    "ModelConstraint": ["weapon_node_l", ["weapon_joint_l", "joint"]],
    "BaseAnimation": "none",
    "AimAnimation": "",
    "ChangeAnimation": "",
    "ReloadAnimation": "",
    "AmmoCount": 320,
    "EnergyChargeRequire": [-1, -1],
    "ReloadType": 0,
    "ReloadInit": 1,
    "ReloadTime": -1,
    "AngleAdjust": 0,
    "LockonType": 0,
    "LockonTargetType": 0,
    "Lockon_DistributionType": 0,
    "Lockon_FireEndToClear": 1,
    "Lockon_AutoTimeOut": 1,
    "LockonRange": 300,
    "LockonAngle": [0.4000000059604645, 0.30000001192092896],
    "LockonTime": 4,
    "LockonFailedTime": 0,
    "LockonHoldTime": 120,
    "FireType": 0,
    "FireSpreadType": 0,
    "FireSpreadWidth": 0,
    "FireCount": 1,
    "FireInterval": 10,
    "FireBurstCount": 1,
    "FireBurstInterval": 0,
    "FireAccuracy": 0,
    "FireRecoil": 0.07500000298023224,
    "FireVector": null,
    "FireSe": [
      0,
      "weapon_VHC_begaruta406_missile",
      0.6309999823570251,
      1,
      1,
      40
    ],
    "FireLoadSe": null,
    "ShellCaseDischargeSe": null,
    "SecondaryFire_Type": 0,
    "SecondaryFire_Parameter": [0],
    "AmmoClass": "MissileBullet01",
    "AmmoModel": "app:/WEAPON/bullet_missile.rab",
    "AmmoSpeed": 0.10000000149011612,
    "AmmoOwnerMove": 0,
    "AmmoGravityFactor": 0.75,
    "AmmoAlive": 480,
    "AmmoDamage": 15,
    "AmmoDamageReduce": [1, 1],
    "AmmoExplosion": 4,
    "AmmoIsPenetration": 0,
    "AmmoSize": 1.2000000476837158,
    "AmmoHitSizeAdjust": 1,
    "AmmoHitImpulseAdjust": 1,
    "AmmoColor": [1, 1, 1, 0.5],
    "Ammo_CustomParameter": [
      0,
      0,
      60,
      [0, 0, -0.05000000074505806],
      0.1599999964237213,
      0.20000000298023224,
      4.5,
      [0, 0.9800000190734863],
      8,
      0,
      null,
      [0, "weapon_VHC_begaruta406_missileGo", 0.6499999761581421, 1, 3, 50]
    ],
    "Ammo_EquipVoice": null,
    "AmmoHitSe": [0, "common_damages_explode_S", 1, 1, 1, 200],
    "MuzzleFlash": "MuzzleSmoke01",
    "MuzzleFlash_CustomParameter": [
      0,
      0.4000000059604645,
      [1, 1, 1, 1],
      0.05000000074505806,
      [0, 0, -1.600000023841858]
    ],
    "ShellCase": ["", "", 0],
    "ShellCase_CustomParameter": null,
    "ExtPrams": [1],
    "resource": ["app:/WEAPON/bullet_missile.rab"]
  },
  "strings": [
    "AmmoExplosion",
    "LockonTargetType",
    "BaseAnimation",
    "AmmoColor",
    "LockonAngle",
    "AimAnimation",
    "WeaponIcon",
    "Lockon_AutoTimeOut",
    "ReloadType",
    "MuzzleFlash",
    "AmmoAlive",
    "FireVector",
    "FireType",
    "AmmoClass",
    "AmmoDamageReduce",
    "AmmoDamage",
    "AmmoGravityFactor",
    "AmmoCount",
    "SecondaryFire_Type",
    "AmmoHitImpulseAdjust",
    "AmmoHitSe",
    "AmmoHitSizeAdjust",
    "AmmoIsPenetration",
    "AmmoModel",
    "AmmoOwnerMove",
    "FireCondition",
    "하이 사이클 런처(좌)",
    "AmmoSize",
    "AmmoSpeed",
    "ReloadInit",
    "Ammo_CustomParameter",
    "LockonTime",
    "v_502_groundrobo_launcher_l.mdb",
    "Ammo_EquipVoice",
    "AngleAdjust",
    "name.cn",
    "SecondaryFire_Parameter",
    "LockonFailedTime",
    "ChangeAnimation",
    "FireAccuracy",
    "EnergyChargeRequire",
    "ReloadTime",
    "ExtPrams",
    "FireBurstCount",
    "LockonRange",
    "FireBurstInterval",
    "FireCount",
    "FireInterval",
    "FireLoadSe",
    "FireRecoil",
    "FireSe",
    "FireSpreadType",
    "FireSpreadWidth",
    "LockonHoldTime",
    "LockonType",
    "ShellCase_CustomParameter",
    "Lockon_DistributionType",
    "Lockon_FireEndToClear",
    "name.en",
    "ModelConstraint",
    "MuzzleFlash_CustomParameter",
    "ReloadAnimation",
    "ShellCase",
    "ShellCaseDischargeSe",
    "animation_model",
    "custom_parameter",
    "name.ja",
    "name.kr",
    "name.sc",
    "resource",
    "use_underground",
    "xgs_scene_object_class",
    "Weapon_VehicleShoot",
    "ハイサイクル・ランチャー（左）",
    "High-Cycle Launcher (Left)",
    "高週波發射器（左）",
    "高周波发射器（左）",
    "app:/weapon/icon/none",
    "app:/Weapon/v_502_groundrobo_launcher_l.rab",
    "weapon_node_l",
    "weapon_joint_l",
    "joint",
    "none",
    "",
    "weapon_VHC_begaruta406_missileGo",
    "weapon_VHC_begaruta406_missile",
    "MissileBullet01",
    "app:/WEAPON/bullet_missile.rab",
    "common_damages_explode_S",
    "MuzzleSmoke01"
  ]
}