{
  "format": "DSGO",
  "endian": "LE",
  "data": {
    "xgs_scene_object_class": "Weapon_VehicleShoot",
    "custom_parameter": null,
    "use_underground": 1,
    "FireCondition": 0,
    "name.ja": "小型ミサイル（左）",
    "name.en": "Small Missile (Left)",
    "name.cn": "小型飛彈（左）",
    "name.kr": "소형 미사일(좌)",
    "name.sc": "小型飞弹（左）",
    "WeaponIcon": "app:/weapon/icon/none",
    "animation_model": [
      ["app:/Weapon/v_null.rab", "v_null.mdb"],
      0,
      {
        "$SGOTT_EMBED": true,
        "format": "hex",
        "data": "4d4142000f000000830000000300000003001400240000005c00000060000000b0000000000001001800000001000000300000000200000028000000740000007a000000020000004400000034000000240000000000000054000000babababa0000000000000000000000000000803fcdcc4c3dcdcc4c3dcdcccc3c0000803f6666663eba490c3eae47213f0000803f53474f000201000000000000200000000000000020000000000000002000000030003100000076005f004e0075006c006c000000"
      }
    ],
    "ModelConstraint": ["arms_r"],
    "BaseAnimation": "none",
    "AimAnimation": "",
    "ChangeAnimation": "",
    "ReloadAnimation": "",
    "AmmoCount": 12,
    "EnergyChargeRequire": [-1, -1],
    "ReloadType": 0,
    "ReloadInit": 1,
    "ReloadTime": -1,
    "AngleAdjust": 0,
    "LockonType": 3,
    "LockonTargetType": 0,
    "Lockon_DistributionType": 0,
    "Lockon_FireEndToClear": 0,
    "Lockon_AutoTimeOut": 0,
    "LockonRange": 250,
    "LockonAngle": [0.5, 0.30000001192092896],
    "LockonTime": 4,
    "LockonFailedTime": 0,
    "LockonHoldTime": 8,
    "FireType": 0,
    "FireSpreadType": 0,
    "FireSpreadWidth": 0,
    "FireCount": 1,
    "FireInterval": 120,
    "FireBurstCount": 1,
    "FireBurstInterval": 0,
    "FireAccuracy": 0,
    "FireRecoil": 0.30000001192092896,
    "FireVector": [0.30000001192092896, 0.30000001192092896, 1],
    "FireSe": [
      0,
      "weapon_VHC_begaruta406_missile",
      0.6399999856948853,
      1.0499999523162842,
      1,
      25
    ],
    "FireLoadSe": null,
    "ShellCaseDischargeSe": null,
    "SecondaryFire_Type": 0,
    "SecondaryFire_Parameter": [0],
    "AmmoClass": "MissileBullet01",
    "AmmoModel": 0,
    "AmmoSpeed": 0.30000001192092896,
    "AmmoOwnerMove": 0,
    "AmmoGravityFactor": 1,
    "AmmoAlive": 1200,
    "AmmoDamage": 80,
    "AmmoDamageReduce": [1, 1],
    "AmmoExplosion": 5,
    "AmmoIsPenetration": 0,
    "AmmoSize": 0.5,
    "AmmoHitSizeAdjust": 1,
    "AmmoHitImpulseAdjust": 1,
    "AmmoColor": [1, 1, 1, 0.5],
    "Ammo_CustomParameter": [
      1,
      0,
      120,
      [0, 0, -0.05000000074505806],
      0.07999999821186066,
      0.10000000149011612,
      4.5,
      [0, 1],
      8,
      0,
      null,
      [0, "weapon_VHC_begaruta406_missileGo", 0.6499999761581421, 1, 3, 50]
    ],
    "Ammo_EquipVoice": null,
    "AmmoHitSe": [0, "common_damages_explode_S", 1, 1, 1, 200],
    "MuzzleFlash": "MuzzleSmoke01",
    "MuzzleFlash_CustomParameter": [
      0,
      0.4000000059604645,
      [1, 1, 1, 1],
      0.05000000074505806,
      [0, 0, -1.600000023841858]
    ],
    "ShellCase": [
      "",
      "",
      [0, "weapon_Common_shell_9mm", 0.1599999964237213, 1, 1, 5]
    ],
    "ShellCase_CustomParameter": null,
    "ExtPrams": [1]
  },
  "strings": [
    "AmmoExplosion",
    "LockonTargetType",
    "BaseAnimation",
    "AmmoColor",
    "LockonAngle",
    "AimAnimation",
    "WeaponIcon",
    "Lockon_AutoTimeOut",
    "ReloadType",
    "MuzzleFlash",
    "AmmoAlive",
    "FireVector",
    "FireType",
    "AmmoClass",
    "AmmoDamageReduce",
    "AmmoDamage",
    "AmmoGravityFactor",
    "AmmoCount",
    "SecondaryFire_Type",
    "AmmoHitImpulseAdjust",
    "AmmoHitSe",
    "AmmoHitSizeAdjust",
    "AmmoIsPenetration",
    "AmmoModel",
    "AmmoOwnerMove",
    "FireCondition",
    "AmmoSize",
    "AmmoSpeed",
    "ReloadInit",
    "Ammo_CustomParameter",
    "LockonTime",
    "weapon_Common_shell_9mm",
    "小型飞弹（左）",
    "Ammo_EquipVoice",
    "AngleAdjust",
    "name.cn",
    "SecondaryFire_Parameter",
    "LockonFailedTime",
    "ChangeAnimation",
    "FireAccuracy",
    "EnergyChargeRequire",
    "ReloadTime",
    "ExtPrams",
    "FireBurstCount",
    "LockonRange",
    "FireBurstInterval",
    "FireCount",
    "FireInterval",
    "FireLoadSe",
    "FireRecoil",
    "FireSe",
    "FireSpreadType",
    "FireSpreadWidth",
    "LockonHoldTime",
    "LockonType",
    "ShellCase_CustomParameter",
    "Lockon_DistributionType",
    "Lockon_FireEndToClear",
    "name.en",
    "ModelConstraint",
    "MuzzleFlash_CustomParameter",
    "ReloadAnimation",
    "ShellCase",
    "ShellCaseDischargeSe",
    "animation_model",
    "custom_parameter",
    "name.ja",
    "name.kr",
    "name.sc",
    "use_underground",
    "xgs_scene_object_class",
    "Weapon_VehicleShoot",
    "小型ミサイル（左）",
    "Small Missile (Left)",
    "小型飛彈（左）",
    "소형 미사일(좌)",
    "app:/weapon/icon/none",
    "app:/Weapon/v_null.rab",
    "v_null.mdb",
    "arms_r",
    "none",
    "",
    "weapon_VHC_begaruta406_missileGo",
    "weapon_VHC_begaruta406_missile",
    "MissileBullet01",
    "common_damages_explode_S",
    "MuzzleSmoke01"
  ]
}