{
  "format": "DSGO",
  "endian": "LE",
  "data": {
    "xgs_scene_object_class": "Weapon_VehicleShoot",
    "custom_parameter": null,
    "use_underground": 1,
    "FireCondition": 0,
    "name.ja": "トラック用-v609 機関砲",
    "name.en": "トラック用-v609 機関砲",
    "name.cn": "トラック用-v609 機関砲",
    "name.kr": "トラック用-v609 機関砲",
    "name.sc": "トラック用-v609 機関砲",
    "WeaponIcon": "app:/weapon/icon/none",
    "animation_model": [
      ["app:/Weapon/v_null.rab", "v_null.mdb"],
      0,
      {
        "$SGOTT_EMBED": true,
        "format": "hex",
        "data": "4d4142000f000000830000000300000003001400240000005c00000060000000f0000000000001001800000001000000300000000200000028000000b4000000ba000000020000003400000044000000240000000000000054000000babababa0000000000000000000000000000803f00000000295c8f3e333323400000803fcdcc4c3dcdcc4c3dcdcccc3c0000803f53474f00020100000100000020000000010000002c0000000000000034000000010000000400000001000000080000000000000066006900720065005f006d006f00640065006c005f0064006900720065006300740069006f006e000000000030003100000076005f004e0075006c006c000000"
      }
    ],
    "ModelConstraint": ["gun"],
    "BaseAnimation": "none",
    "AimAnimation": "",
    "ChangeAnimation": "",
    "ReloadAnimation": "",
    "AmmoCount": 1800,
    "EnergyChargeRequire": [-1, -1],
    "ReloadType": 0,
    "ReloadInit": 1,
    "ReloadTime": 600,
    "AngleAdjust": 0,
    "LockonType": 0,
    "LockonTargetType": 0,
    "Lockon_DistributionType": 0,
    "Lockon_FireEndToClear": 1,
    "Lockon_AutoTimeOut": 1,
    "LockonRange": 0,
    "LockonAngle": [0.30000001192092896, 0.30000001192092896],
    "LockonTime": 0,
    "LockonFailedTime": 0,
    "LockonHoldTime": 0,
    "FireType": 0,
    "FireSpreadType": 0,
    "FireSpreadWidth": 0,
    "FireCount": 1,
    "FireInterval": 3,
    "FireBurstCount": 1,
    "FireBurstInterval": 0,
    "FireAccuracy": 0.02500000037252903,
    "FireRecoil": 0.30000001192092896,
    "FireVector": null,
    "FireSe": [
      1,
      "weapon_VHC_heli302_gatling",
      0.6000000238418579,
      0.800000011920929,
      1,
      40
    ],
    "FireLoadSe": null,
    "ShellCaseDischargeSe": null,
    "SecondaryFire_Type": 0,
    "SecondaryFire_Parameter": [0],
    "AmmoClass": "SolidBullet01",
    "AmmoModel": 0,
    "AmmoSpeed": 4,
    "AmmoOwnerMove": 0,
    "AmmoGravityFactor": 0,
    "AmmoAlive": 40,
    "AmmoDamage": 10,
    "AmmoDamageReduce": [1, 1],
    "AmmoExplosion": 0,
    "AmmoIsPenetration": 1,
    "AmmoSize": 0.30000001192092896,
    "AmmoHitSizeAdjust": 0.5,
    "AmmoHitImpulseAdjust": 1,
    "AmmoColor": [
      2.4000000953674316,
      1.7999999523162842,
      1.2000000476837158,
      1
    ],
    "Ammo_CustomParameter": null,
    "Ammo_EquipVoice": null,
    "AmmoHitSe": null,
    "MuzzleFlash": "MuzzleFlash02",
    "MuzzleFlash_CustomParameter": [
      "マズルフラッシュパターン.dds",
      1,
      0.1599999964237213,
      0.25,
      6,
      1,
      0.10000000149011612,
      1,
      [2.4000000953674316, 1.2000000476837158, 1.2000000476837158, 1],
      -0.20000000298023224
    ],
    "ShellCase": ["", "", 0],
    "ShellCase_CustomParameter": null,
    "ExtPrams": [1]
  },
  "strings": [
    "MuzzleFlash02",
    "AmmoExplosion",
    "LockonTargetType",
    "BaseAnimation",
    "AmmoColor",
    "LockonAngle",
    "AimAnimation",
    "WeaponIcon",
    "Lockon_AutoTimeOut",
    "ReloadType",
    "MuzzleFlash",
    "AmmoAlive",
    "FireVector",
    "FireType",
    "AmmoClass",
    "AmmoDamageReduce",
    "AmmoDamage",
    "AmmoGravityFactor",
    "AmmoCount",
    "SecondaryFire_Type",
    "AmmoHitImpulseAdjust",
    "AmmoHitSe",
    "AmmoHitSizeAdjust",
    "AmmoIsPenetration",
    "AmmoModel",
    "AmmoOwnerMove",
    "FireCondition",
    "AmmoSize",
    "AmmoSpeed",
    "ReloadInit",
    "Ammo_CustomParameter",
    "LockonTime",
    "Ammo_EquipVoice",
    "AngleAdjust",
    "name.cn",
    "SecondaryFire_Parameter",
    "LockonFailedTime",
    "ChangeAnimation",
    "FireAccuracy",
    "EnergyChargeRequire",
    "ReloadTime",
    "ExtPrams",
    "FireBurstCount",
    "LockonRange",
    "FireBurstInterval",
    "FireCount",
    "FireInterval",
    "FireLoadSe",
    "FireRecoil",
    "FireSe",
    "FireSpreadType",
    "FireSpreadWidth",
    "LockonHoldTime",
    "LockonType",
    "ShellCase_CustomParameter",
    "Lockon_DistributionType",
    "Lockon_FireEndToClear",
    "name.en",
    "ModelConstraint",
    "MuzzleFlash_CustomParameter",
    "ReloadAnimation",
    "ShellCase",
    "ShellCaseDischargeSe",
    "animation_model",
    "custom_parameter",
    "name.ja",
    "name.kr",
    "name.sc",
    "use_underground",
    "xgs_scene_object_class",
    "Weapon_VehicleShoot",
    "トラック用-v609 機関砲",
    "app:/weapon/icon/none",
    "app:/Weapon/v_null.rab",
    "v_null.mdb",
    "gun",
    "none",
    "",
    "weapon_VHC_heli302_gatling",
    "SolidBullet01",
    "マズルフラッシュパターン.dds"
  ]
}