{
  "format": "DSGO",
  "endian": "LE",
  "data": {
    "xgs_scene_object_class": "Weapon_VehicleShoot",
    "custom_parameter": null,
    "use_underground": 1,
    "FireCondition": 0,
    "name.ja": "ミサイル",
    "name.en": "Missiles",
    "name.cn": "飛彈",
    "name.kr": "미사일",
    "name.sc": "飞弹",
    "WeaponIcon": "app:/weapon/icon/none",
    "animation_model": [
      ["app:/Weapon/v_null.rab", "v_null.mdb"],
      0,
      {
        "$SGOTT_EMBED": true,
        "format": "hex",
        "data": "4d4142000f00000083000000030000000600260024000000bc000000c000000040010000000004001800000001000000900000000200000088000000040100001c01000002000000a4000000940000008400000000000000e4000000ea000000fc00000002000000a4000000740000006400000000000000c4000000d0000000dc0000000200000094000000540000004400000000000000a4000000b6000000bc000000020000005400000034000000240000000000000084000000babababa0000000000000000000000000000803fcdcc4c3dcdcc4c3dcdcccc3c0000803fa4709d3fb81e65bf1f85eb3e0000803ff628cc3fb81e65bf1f85eb3e0000803fa4709dbfb81e65bf1f85eb3e0000803ff628ccbfb81e65bf1f85eb3e0000803f53474f000201000000000000200000000000000020000000000000002000000030003100000030003200000030003300000030003400000076005f004e0075006c006c000000"
      }
    ],
    "ModelConstraint": ["arms_r"],
    "BaseAnimation": "none",
    "AimAnimation": "",
    "ChangeAnimation": "",
    "ReloadAnimation": "",
    "AmmoCount": 20,
    "EnergyChargeRequire": [-1, -1],
    "ReloadType": 0,
    "ReloadInit": 1,
    "ReloadTime": -1,
    "AngleAdjust": 0,
    "LockonType": 1,
    "LockonTargetType": 0,
    "Lockon_DistributionType": 0,
    "Lockon_FireEndToClear": 1,
    "Lockon_AutoTimeOut": 1,
    "LockonRange": 500,
    "LockonAngle": [0.15000000596046448, 0.20000000298023224],
    "LockonTime": 30,
    "LockonFailedTime": 0,
    "LockonHoldTime": 600,
    "FireType": 0,
    "FireSpreadType": 0,
    "FireSpreadWidth": 0,
    "FireCount": 1,
    "FireInterval": 300,
    "FireBurstCount": 4,
    "FireBurstInterval": 10,
    "FireAccuracy": 0.30000001192092896,
    "FireRecoil": 0.5,
    "FireVector": null,
    "FireSe": [0, "weapon_VHC_heli302_missile", 0.8999999761581421, 1, 1, 40],
    "FireLoadSe": null,
    "ShellCaseDischargeSe": null,
    "SecondaryFire_Type": 0,
    "SecondaryFire_Parameter": [0],
    "AmmoClass": "MissileBullet01",
    "AmmoModel": "app:/WEAPON/bullet_missile.rab",
    "AmmoSpeed": 0.10000000149011612,
    "AmmoOwnerMove": 0,
    "AmmoGravityFactor": 0.75,
    "AmmoAlive": 2400,
    "AmmoDamage": 120,
    "AmmoDamageReduce": [1, 1],
    "AmmoExplosion": 12,
    "AmmoIsPenetration": 0,
    "AmmoSize": 2,
    "AmmoHitSizeAdjust": 1,
    "AmmoHitImpulseAdjust": 1,
    "AmmoColor": [1, 1, 1, 0.5],
    "Ammo_CustomParameter": [
      1,
      0,
      300,
      [0, 0, -0.05000000074505806],
      0.07999999821186066,
      0.10000000149011612,
      4,
      [0, 0.9800000190734863],
      30,
      0,
      null,
      [0, "weapon_VHC_heli302_missileGo", 0.6499999761581421, 1, 3, 50]
    ],
    "Ammo_EquipVoice": null,
    "AmmoHitSe": [0, "common_damages_explode_M", 1, 1, 1, 200],
    "MuzzleFlash": "MuzzleSmoke01",
    "MuzzleFlash_CustomParameter": [
      1,
      0.30000001192092896,
      [1, 1, 1, 1],
      0.05000000074505806,
      [0, 0, -1.600000023841858]
    ],
    "ShellCase": ["", "", 0],
    "ShellCase_CustomParameter": null,
    "ExtPrams": [1],
    "resource": ["app:/WEAPON/bullet_missile.rab"]
  },
  "strings": [
    "AmmoExplosion",
    "LockonTargetType",
    "BaseAnimation",
    "AmmoColor",
    "LockonAngle",
    "AimAnimation",
    "WeaponIcon",
    "Lockon_AutoTimeOut",
    "ReloadType",
    "MuzzleFlash",
    "AmmoAlive",
    "FireVector",
    "FireType",
    "AmmoClass",
    "AmmoDamageReduce",
    "AmmoDamage",
    "AmmoGravityFactor",
    "AmmoCount",
    "SecondaryFire_Type",
    "AmmoHitImpulseAdjust",
    "AmmoHitSe",
    "AmmoHitSizeAdjust",
    "AmmoIsPenetration",
    "AmmoModel",
    "AmmoOwnerMove",
    "FireCondition",
    "AmmoSize",
    "AmmoSpeed",
    "ReloadInit",
    "Ammo_CustomParameter",
    "LockonTime",
    "Ammo_EquipVoice",
    "AngleAdjust",
    "name.cn",
    "SecondaryFire_Parameter",
    "LockonFailedTime",
    "ChangeAnimation",
    "FireAccuracy",
    "EnergyChargeRequire",
    "ReloadTime",
    "ExtPrams",
    "FireBurstCount",
    "LockonRange",
    "FireBurstInterval",
    "FireCount",
    "FireInterval",
    "FireLoadSe",
    "FireRecoil",
    "FireSe",
    "FireSpreadType",
    "FireSpreadWidth",
    "LockonHoldTime",
    "LockonType",
    "ShellCase_CustomParameter",
    "Lockon_DistributionType",
    "Lockon_FireEndToClear",
    "name.en",
    "ModelConstraint",
    "MuzzleFlash_CustomParameter",
    "ReloadAnimation",
    "ShellCase",
    "ShellCaseDischargeSe",
    "animation_model",
    "custom_parameter",
    "name.ja",
    "name.kr",
    "name.sc",
    "resource",
    "use_underground",
    "xgs_scene_object_class",
    "Weapon_VehicleShoot",
    "ミサイル",
    "Missiles",
    "飛彈",
    "미사일",
    "飞弹",
    "app:/weapon/icon/none",
    "app:/Weapon/v_null.rab",
    "v_null.mdb",
    "arms_r",
    "none",
    "",
    "weapon_VHC_heli302_missile",
    "MissileBullet01",
    "app:/WEAPON/bullet_missile.rab",
    "weapon_VHC_heli302_missileGo",
    "common_damages_explode_M",
    "MuzzleSmoke01"
  ]
}